rank,item,repo_name,stars,forks,language,repo_url,username,issues,last_commit
1,ActionScript,open-source-flash,7360,139,ActionScript,https://github.com/open-source-flash/open-source-flash,open-source-flash,26,2021-02-24T08:44:01Z
2,ActionScript,VVVVVV,6779,548,ActionScript,https://github.com/TerryCavanagh/VVVVVV,TerryCavanagh,23,2024-02-13T19:03:34Z
3,ActionScript,Starling-Framework,2779,839,ActionScript,https://github.com/Gamua/Starling-Framework,Gamua,71,2023-07-13T20:29:54Z
4,ActionScript,webcamjs,2473,1123,ActionScript,https://github.com/jhuckaby/webcamjs,jhuckaby,151,2020-04-22T07:50:12Z
5,ActionScript,as3corelib,1489,468,ActionScript,https://github.com/mikechambers/as3corelib,mikechambers,104,2015-08-31T21:13:33Z
6,ActionScript,scratch-flash,1327,522,ActionScript,https://github.com/scratchfoundation/scratch-flash,scratchfoundation,0,2019-02-05T18:30:34Z
7,ActionScript,mapgen2,1295,213,ActionScript,https://github.com/amitp/mapgen2,amitp,1,2017-08-24T04:32:19Z
8,ActionScript,flixel,1124,197,ActionScript,https://github.com/AdamAtomic/flixel,AdamAtomic,68,2015-11-05T01:35:36Z
9,ActionScript,as3-signals,1056,210,ActionScript,https://github.com/robertpenner/as3-signals,robertpenner,4,2023-12-19T17:01:37Z
10,ActionScript,robotlegs-framework,968,266,ActionScript,https://github.com/robotlegs/robotlegs-framework,robotlegs,14,2020-06-16T09:09:56Z
11,ActionScript,bfxr,933,92,ActionScript,https://github.com/increpare/bfxr,increpare,9,2021-06-17T15:56:58Z
12,ActionScript,feathersui-starling,913,387,ActionScript,https://github.com/feathersui/feathersui-starling,feathersui,171,2023-06-22T12:10:38Z
13,ActionScript,malware-samples,851,194,ActionScript,https://github.com/InQuest/malware-samples,InQuest,0,2024-01-31T21:50:41Z
14,ActionScript,flashls,754,273,ActionScript,https://github.com/mangui/flashls,mangui,167,2018-11-19T15:02:08Z
15,ActionScript,away3d-core-fp11,639,280,ActionScript,https://github.com/away3d/away3d-core-fp11,away3d,100,2017-05-11T02:34:54Z
16,ActionScript,juicy-breakout,634,123,ActionScript,https://github.com/grapefrukt/juicy-breakout,grapefrukt,0,2017-03-24T07:51:44Z
17,ActionScript,minimalcomps,618,179,ActionScript,https://github.com/minimalcomps/minimalcomps,minimalcomps,12,2021-06-05T02:06:39Z
18,ActionScript,emulator,573,254,ActionScript,https://github.com/nesbox/emulator,nesbox,90,2015-08-02T12:15:51Z
19,ActionScript,Citrus-Engine,549,235,ActionScript,https://github.com/DaVikingCode/Citrus-Engine,DaVikingCode,64,2022-10-30T18:52:29Z
20,ActionScript,Fanvas,548,201,ActionScript,https://github.com/Tencent/Fanvas,Tencent,0,2019-10-24T03:48:59Z
21,ActionScript,boscaceoil,536,69,ActionScript,https://github.com/TerryCavanagh/boscaceoil,TerryCavanagh,47,2023-09-27T22:44:02Z
22,ActionScript,as3swf,527,129,ActionScript,https://github.com/claus/as3swf,claus,13,2018-02-21T01:19:53Z
23,ActionScript,jQuery-webcam,515,277,ActionScript,https://github.com/infusion/jQuery-webcam,infusion,34,2017-10-26T18:02:48Z
24,ActionScript,VirtualCockroach,480,40,ActionScript,https://github.com/FerryYoungFan/VirtualCockroach,FerryYoungFan,24,2019-09-24T09:47:41Z
25,ActionScript,Ash,445,95,ActionScript,https://github.com/richardlord/Ash,richardlord,5,2017-04-16T17:52:51Z
26,ActionScript,GreenSock-AS3,409,145,ActionScript,https://github.com/greensock/GreenSock-AS3,greensock,3,2019-05-29T16:49:47Z
27,ActionScript,flump,381,70,ActionScript,https://github.com/tconkling/flump,tconkling,34,2020-01-27T18:53:00Z
28,ActionScript,FlashPunk,381,152,ActionScript,https://github.com/useflashpunk/FlashPunk,useflashpunk,61,2016-03-31T05:56:47Z
29,ActionScript,Weave,371,73,ActionScript,https://github.com/WeaveTeam/Weave,WeaveTeam,0,2019-01-06T02:11:59Z
30,ActionScript,Alternativa3D,370,124,ActionScript,https://github.com/AlternativaPlatform/Alternativa3D,AlternativaPlatform,9,2017-06-20T16:30:59Z
31,ActionScript,Anodyne-1-Repo,359,33,ActionScript,https://github.com/analgesicproductions/Anodyne-1-Repo,analgesicproductions,1,2023-09-23T09:10:20Z
32,ActionScript,royale-asjs,357,125,ActionScript,https://github.com/apache/royale-asjs,apache,243,2024-02-15T18:12:42Z
33,ActionScript,Gestouch,355,85,ActionScript,https://github.com/fljot/Gestouch,fljot,36,2016-03-01T17:49:07Z
34,ActionScript,wck,355,57,ActionScript,https://github.com/jesses/wck,jesses,12,2015-09-01T06:23:50Z
35,ActionScript,AS3Libs,354,46,ActionScript,https://github.com/gskinner/AS3Libs,gskinner,0,2021-08-25T12:08:46Z
36,ActionScript,Flare,345,78,ActionScript,https://github.com/prefuse/Flare,prefuse,3,2012-08-02T16:28:23Z
37,ActionScript,flex-sdk,336,150,ActionScript,https://github.com/apache/flex-sdk,apache,0,2021-03-16T22:15:38Z
38,ActionScript,restfulx_framework,331,62,ActionScript,https://github.com/dima/restfulx_framework,dima,15,2011-09-19T14:22:50Z
39,ActionScript,Zoe,326,103,ActionScript,https://github.com/CreateJS/Zoe,CreateJS,7,2015-09-01T06:54:47Z
40,ActionScript,Starling-Extension-Particle-System,322,146,ActionScript,https://github.com/Gamua/Starling-Extension-Particle-System,Gamua,0,2022-02-15T08:41:53Z
41,ActionScript,nd2d,319,61,ActionScript,https://github.com/lrrrs/nd2d,lrrrs,6,2015-09-29T08:13:02Z
42,ActionScript,mBlock,312,227,ActionScript,https://github.com/Makeblock-official/mBlock,Makeblock-official,46,2017-02-27T12:06:22Z
43,ActionScript,Spike,311,208,ActionScript,https://github.com/SpikeApp/Spike,SpikeApp,45,2020-11-25T07:06:05Z
44,ActionScript,flash,282,186,ActionScript,https://github.com/flowplayer/flash,flowplayer,89,2016-01-30T06:52:46Z
45,ActionScript,Starling-Extension-Graphics,282,89,ActionScript,https://github.com/StarlingGraphics/Starling-Extension-Graphics,StarlingGraphics,34,2017-03-24T17:58:53Z
46,ActionScript,SwiftSuspenders,280,89,ActionScript,https://github.com/tschneidereit/SwiftSuspenders,tschneidereit,10,2013-03-22T00:52:32Z
47,ActionScript,glassesfactory,274,26,ActionScript,https://github.com/glassesfactory/glassesfactory,glassesfactory,0,2016-08-07T10:39:48Z
48,ActionScript,as3-utils,272,58,ActionScript,https://github.com/as3/as3-utils,as3,1,2013-06-04T01:12:41Z
49,ActionScript,BulkLoader,270,56,ActionScript,https://github.com/arthur-debert/BulkLoader,arthur-debert,9,2015-08-31T21:13:30Z
50,ActionScript,flexunit,269,94,ActionScript,https://github.com/flexunit/flexunit,flexunit,0,2014-01-16T19:35:45Z
1,C,linux,166151,52271,C,https://github.com/torvalds/linux,torvalds,0,2024-02-19T10:49:06Z
2,C,scrcpy,98339,9845,C,https://github.com/Genymobile/scrcpy,Genymobile,1665,2024-02-19T08:04:59Z
3,C,netdata,67157,5808,C,https://github.com/netdata/netdata,netdata,199,2024-02-20T08:00:19Z
4,C,redis,63412,23262,C,https://github.com/redis/redis,redis,1972,2024-02-20T06:54:56Z
5,C,Ventoy,56491,3959,C,https://github.com/ventoy/Ventoy,ventoy,609,2024-01-25T16:01:35Z
6,C,obs-studio,54226,7586,C,https://github.com/obsproject/obs-studio,obsproject,446,2024-02-20T02:26:23Z
7,C,git,48851,25854,C,https://github.com/git/git,git,0,2024-02-20T05:06:25Z
8,C,FFmpeg,40994,11663,C,https://github.com/FFmpeg/FFmpeg,FFmpeg,0,2024-02-20T08:00:53Z
9,C,php-src,36889,7828,C,https://github.com/php/php-src,php,500,2024-02-20T05:25:13Z
10,C,wrk,36352,2939,C,https://github.com/wg/wrk,wg,137,2023-12-30T10:33:51Z
11,C,curl,33278,6235,C,https://github.com/curl/curl,curl,25,2024-02-19T23:14:22Z
12,C,tmux,32119,2059,C,https://github.com/tmux/tmux,tmux,49,2024-02-16T22:01:38Z
13,C,ijkplayer,32001,8146,C,https://github.com/bilibili/ijkplayer,bilibili,2789,2023-07-16T05:49:44Z
14,C,jq,28381,1571,C,https://github.com/jqlang/jq,jqlang,353,2024-02-18T22:27:45Z
15,C,lede,28304,19814,C,https://github.com/coolsnowwolf/lede,coolsnowwolf,653,2024-02-19T16:44:05Z
16,C,whisper.cpp,28088,2737,C,https://github.com/ggerganov/whisper.cpp,ggerganov,452,2024-02-19T19:40:22Z
17,C,rufus,26207,2513,C,https://github.com/pbatard/rufus,pbatard,10,2024-02-09T17:29:43Z
18,C,os-tutorial,26134,3248,C,https://github.com/cfenollosa/os-tutorial,cfenollosa,71,2023-10-26T02:33:22Z
19,C,the_silver_searcher,25549,1446,C,https://github.com/ggreer/the_silver_searcher,ggreer,427,2023-12-26T04:01:03Z
20,C,mpv,25222,2829,C,https://github.com/mpv-player/mpv,mpv-player,877,2024-02-19T23:12:55Z
21,C,darknet,25075,21435,C,https://github.com/pjreddie/darknet,pjreddie,1799,2023-11-30T05:41:57Z
22,C,stb,24532,7837,C,https://github.com/nothings/stb,nothings,129,2024-02-14T15:35:21Z
23,C,openssl,23744,10367,C,https://github.com/openssl/openssl,openssl,2006,2024-02-20T07:29:44Z
24,C,libuv,22895,3563,C,https://github.com/libuv/libuv,libuv,132,2024-02-20T02:50:13Z
25,C,TDengine,22567,4807,C,https://github.com/taosdata/TDengine,taosdata,1172,2024-02-20T07:24:35Z
26,C,masscan,22330,3067,C,https://github.com/robertdavidgraham/masscan,robertdavidgraham,348,2024-02-14T18:46:57Z
27,C,zstd,21780,2095,C,https://github.com/facebook/zstd,facebook,168,2024-02-19T05:35:51Z
28,C,The-Art-Of-Programming-By-July-2nd,21175,7165,C,https://github.com/julycoding/The-Art-Of-Programming-By-July-2nd,julycoding,47,2023-02-26T17:05:49Z
29,C,Tasmota,21072,4658,C,https://github.com/arendst/Tasmota,arendst,8,2024-02-19T16:44:31Z
30,C,How-to-Make-a-Computer-Operating-System,20811,3478,C,https://github.com/SamyPesse/How-to-Make-a-Computer-Operating-System,SamyPesse,44,2021-12-16T09:10:55Z
31,C,yabai,20360,616,C,https://github.com/koekeishiya/yabai,koekeishiya,178,2024-02-19T23:25:00Z
32,C,ExplorerPatcher,20124,920,C,https://github.com/valinet/ExplorerPatcher,valinet,120,2024-02-18T09:43:14Z
33,C,nginx,19857,6629,C,https://github.com/nginx/nginx,nginx,0,2024-02-14T16:16:19Z
34,C,hashcat,19365,2777,C,https://github.com/hashcat/hashcat,hashcat,257,2024-02-16T09:29:35Z
35,C,WindTerm,19342,1524,C,https://github.com/kingToolbox/WindTerm,kingToolbox,1493,2024-01-23T00:52:40Z
36,C,radare2,19283,2969,C,https://github.com/radareorg/radare2,radareorg,824,2024-02-20T07:01:53Z
37,C,HarmonyOS,19024,3333,C,https://github.com/Awesome-HarmonyOS/HarmonyOS,Awesome-HarmonyOS,0,2022-07-07T01:24:35Z
38,C,bcc,18943,3755,C,https://github.com/iovisor/bcc,iovisor,788,2024-02-18T16:30:23Z
39,C,mimikatz,18410,3583,C,https://github.com/gentilkiwi/mimikatz,gentilkiwi,134,2024-01-05T09:06:47Z
40,C,micropython,17990,7193,C,https://github.com/micropython/micropython,micropython,1416,2024-02-20T06:06:02Z
41,C,my-tv,17910,1770,C,https://github.com/lizongying/my-tv,lizongying,93,2024-02-19T08:55:43Z
42,C,nnn,17864,747,C,https://github.com/jarun/nnn,jarun,6,2024-02-18T01:03:33Z
43,C,raylib,17840,1882,C,https://github.com/raysan5/raylib,raysan5,16,2024-02-20T02:39:53Z
44,C,C,17700,4252,C,https://github.com/TheAlgorithms/C,TheAlgorithms,3,2024-02-15T07:46:19Z
45,C,openwrt,17655,9634,C,https://github.com/openwrt/openwrt,openwrt,2107,2024-02-20T06:58:08Z
46,C,goaccess,17242,1147,C,https://github.com/allinurl/goaccess,allinurl,378,2024-02-15T00:02:03Z
47,C,qmk_firmware,16683,35878,C,https://github.com/qmk/qmk_firmware,qmk,284,2024-02-20T08:01:35Z
48,C,timescaledb,16161,845,C,https://github.com/timescale/timescaledb,timescale,525,2024-02-20T07:36:25Z
49,C,ish,15562,847,C,https://github.com/ish-app/ish,ish-app,551,2024-02-20T06:17:19Z
50,C,HandBrake,15003,1233,C,https://github.com/HandBrake/HandBrake,HandBrake,261,2024-02-19T22:30:33Z
1,CSharp,PowerToys,102376,6313,C#,https://github.com/microsoft/PowerToys,microsoft,5451,2024-02-19T20:58:31Z
2,CSharp,v2rayN,58025,10386,C#,https://github.com/2dust/v2rayN,2dust,19,2024-02-20T08:04:25Z
3,CSharp,shadowsocks-windows,57764,16853,C#,https://github.com/shadowsocks/shadowsocks-windows,shadowsocks,159,2023-10-24T01:11:51Z
4,CSharp,PowerShell,42836,7853,C#,https://github.com/PowerShell/PowerShell,PowerShell,802,2024-02-19T15:40:04Z
5,CSharp,aspnetcore,33718,9682,C#,https://github.com/dotnet/aspnetcore,dotnet,2928,2024-02-19T19:13:53Z
6,CSharp,Files,31065,2114,C#,https://github.com/files-community/Files,files-community,388,2024-02-20T03:14:08Z
7,CSharp,jellyfin,28214,2608,C#,https://github.com/jellyfin/jellyfin,jellyfin,448,2024-02-19T18:43:14Z
8,CSharp,ShareX,26862,3078,C#,https://github.com/ShareX/ShareX,ShareX,503,2024-02-15T05:54:30Z
9,CSharp,Ryujinx,26465,2511,C#,https://github.com/Ryujinx/Ryujinx,Ryujinx,664,2024-02-19T22:27:26Z
10,CSharp,RevokeMsgPatcher,25192,3111,C#,https://github.com/huiyadanli/RevokeMsgPatcher,huiyadanli,51,2023-12-13T17:06:24Z
11,CSharp,dnSpy,24949,4922,C#,https://github.com/dnSpy/dnSpy,dnSpy,0,2020-12-20T23:55:15Z
12,CSharp,eShopOnContainers,24599,10555,C#,https://github.com/dotnet-architecture/eShopOnContainers,dotnet-architecture,46,2023-11-15T22:27:17Z
13,CSharp,Avalonia,23023,2062,C#,https://github.com/AvaloniaUI/Avalonia,AvaloniaUI,1256,2024-02-20T07:49:42Z
14,CSharp,CodeHub,22910,679,C#,https://github.com/CodeHubApp/CodeHub,CodeHubApp,234,2022-06-22T16:14:05Z
15,CSharp,WaveFunctionCollapse,22484,1280,C#,https://github.com/mxgmn/WaveFunctionCollapse,mxgmn,3,2024-01-29T01:06:50Z
16,CSharp,ScreenToGif,22166,2133,C#,https://github.com/NickeManarin/ScreenToGif,NickeManarin,248,2024-02-15T23:09:29Z
17,CSharp,maui,21281,1583,C#,https://github.com/dotnet/maui,dotnet,3230,2024-02-20T07:54:21Z
18,CSharp,DevToys,20885,1153,C#,https://github.com/veler/DevToys,veler,172,2024-02-20T04:30:08Z
19,CSharp,ILSpy,19694,3267,C#,https://github.com/icsharpcode/ILSpy,icsharpcode,202,2024-02-18T08:34:39Z
20,CSharp,awesome-dotnet-core,18921,2846,C#,https://github.com/thangchung/awesome-dotnet-core,thangchung,19,2024-02-14T13:07:13Z
21,CSharp,roslyn,18292,4045,C#,https://github.com/dotnet/roslyn,dotnet,8448,2024-02-20T02:29:40Z
22,CSharp,downkyi,17809,2051,C#,https://github.com/leiurayer/downkyi,leiurayer,573,2024-02-08T03:45:35Z
23,CSharp,SteamTools,17378,1089,C#,https://github.com/BeyondDimension/SteamTools,BeyondDimension,734,2024-02-20T08:03:46Z
24,CSharp,Dapper,16905,3677,C#,https://github.com/DapperLib/Dapper,DapperLib,398,2024-02-18T15:14:09Z
25,CSharp,semantic-kernel,16828,2494,C#,https://github.com/microsoft/semantic-kernel,microsoft,486,2024-02-20T07:14:40Z
26,CSharp,ml-agents,16021,4058,C#,https://github.com/Unity-Technologies/ml-agents,Unity-Technologies,12,2024-02-16T12:06:20Z
27,CSharp,QuickLook,15835,1061,C#,https://github.com/QL-Win/QuickLook,QL-Win,420,2024-02-13T11:51:54Z
28,CSharp,netch,15727,2661,C#,https://github.com/netchx/netch,netchx,6,2024-02-01T00:10:57Z
29,CSharp,CleanArchitecture,15076,3284,C#,https://github.com/jasontaylordev/CleanArchitecture,jasontaylordev,25,2024-02-16T19:20:56Z
30,CSharp,CleanArchitecture,14410,2545,C#,https://github.com/ardalis/CleanArchitecture,ardalis,32,2024-02-19T20:42:46Z
31,CSharp,MaterialDesignInXamlToolkit,14405,3397,C#,https://github.com/MaterialDesignInXAML/MaterialDesignInXamlToolkit,MaterialDesignInXAML,171,2024-02-17T20:48:20Z
32,CSharp,PEASS-ng,14359,2941,C#,https://github.com/carlospolop/PEASS-ng,carlospolop,20,2024-02-18T20:11:54Z
33,CSharp,server,13992,1204,C#,https://github.com/bitwarden/server,bitwarden,70,2024-02-20T03:32:49Z
34,CSharp,osu,13951,2115,C#,https://github.com/ppy/osu,ppy,1149,2024-02-20T07:06:25Z
35,CSharp,OpenRA,13903,2660,C#,https://github.com/OpenRA/OpenRA,OpenRA,1465,2024-02-19T11:27:37Z
36,CSharp,runtime,13678,4470,C#,https://github.com/dotnet/runtime,dotnet,8651,2024-02-20T07:56:25Z
37,CSharp,CMWTAT_Digital_Edition,13413,1808,C#,https://github.com/TGSAN/CMWTAT_Digital_Edition,TGSAN,24,2023-10-07T03:09:31Z
38,CSharp,lively,13367,1016,C#,https://github.com/rocksdanister/lively,rocksdanister,283,2023-12-28T04:22:41Z
39,CSharp,N_m3u8DL-CLI,13146,2077,C#,https://github.com/nilaoda/N_m3u8DL-CLI,nilaoda,246,2023-06-03T09:30:55Z
40,CSharp,efcore,13143,3087,C#,https://github.com/dotnet/efcore,dotnet,1985,2024-02-19T14:01:00Z
41,CSharp,Polly,12779,1133,C#,https://github.com/App-vNext/Polly,App-vNext,10,2024-02-19T15:20:21Z
42,CSharp,AssetStudio,12219,2386,C#,https://github.com/Perfare/AssetStudio,Perfare,177,2022-12-08T15:37:37Z
43,CSharp,AspNetCore.Docs,12219,25535,C#,https://github.com/dotnet/AspNetCore.Docs,dotnet,480,2024-02-19T23:49:38Z
44,CSharp,abp,12011,3293,C#,https://github.com/abpframework/abp,abpframework,471,2024-02-20T07:57:25Z
45,CSharp,aspnetboilerplate,11457,3774,C#,https://github.com/aspnetboilerplate/aspnetboilerplate,aspnetboilerplate,162,2024-02-19T07:32:59Z
46,CSharp,UnityCsReference,11187,2484,C#,https://github.com/Unity-Technologies/UnityCsReference,Unity-Technologies,0,2024-02-14T22:27:40Z
47,CSharp,optimizer,11080,783,C#,https://github.com/hellzerg/optimizer,hellzerg,10,2024-02-11T06:58:35Z
48,CSharp,winsw,10914,1489,C#,https://github.com/winsw/winsw,winsw,183,2024-02-06T23:43:04Z
49,CSharp,mono,10765,3880,C#,https://github.com/mono/mono,mono,2154,2024-02-14T00:50:19Z
50,CSharp,basic-computer-games,10725,1329,C#,https://github.com/coding-horror/basic-computer-games,coding-horror,16,2024-01-11T01:07:05Z
1,CPP,tensorflow,180771,89455,C++,https://github.com/tensorflow/tensorflow,tensorflow,1891,2024-02-20T07:53:14Z
2,CPP,react-native,114391,24247,C++,https://github.com/facebook/react-native,facebook,844,2024-02-20T07:56:56Z
3,CPP,electron,110656,15526,C++,https://github.com/electron/electron,electron,844,2024-02-20T06:48:44Z
4,CPP,terminal,92786,8338,C++,https://github.com/microsoft/terminal,microsoft,1465,2024-02-20T07:38:10Z
5,CPP,godot,80855,17437,C++,https://github.com/godotengine/godot,godotengine,9643,2024-02-20T08:03:25Z
6,CPP,opencv,74135,55891,C++,https://github.com/opencv/opencv,opencv,2409,2024-02-20T06:30:04Z
7,CPP,bitcoin,74060,36840,C++,https://github.com/bitcoin/bitcoin,bitcoin,361,2024-02-19T21:06:11Z
8,CPP,swift,65367,10480,C++,https://github.com/apple/swift,apple,6292,2024-02-20T08:01:13Z
9,CPP,protobuf,62936,15463,C++,https://github.com/protocolbuffers/protobuf,protocolbuffers,578,2024-02-20T07:52:56Z
10,CPP,gpt4all,61370,6898,C++,https://github.com/nomic-ai/gpt4all,nomic-ai,339,2024-02-19T15:37:22Z
11,CPP,tesseract,56593,9071,C++,https://github.com/tesseract-ocr/tesseract,tesseract-ocr,391,2024-02-17T17:57:29Z
12,CPP,imgui,54108,9612,C++,https://github.com/ocornut/imgui,ocornut,820,2024-02-20T06:15:53Z
13,CPP,llama.cpp,51004,7326,C++,https://github.com/ggerganov/llama.cpp,ggerganov,991,2024-02-20T07:48:19Z
14,CPP,x64dbg,42717,2341,C++,https://github.com/x64dbg/x64dbg,x64dbg,573,2024-02-20T02:00:43Z
15,CPP,Magisk,42573,10980,C++,https://github.com/topjohnwu/Magisk,topjohnwu,20,2024-02-19T10:14:13Z
16,CPP,grpc,40240,10741,C++,https://github.com/grpc/grpc,grpc,591,2024-02-20T06:22:20Z
17,CPP,json,39148,6686,C++,https://github.com/nlohmann/json,nlohmann,72,2024-02-06T17:02:39Z
18,CPP,CPlusPlusThings,35720,8245,C++,https://github.com/Light-City/CPlusPlusThings,Light-City,7,2024-02-18T13:10:31Z
19,CPP,leveldb,34572,7717,C++,https://github.com/google/leveldb,google,209,2024-02-16T15:21:45Z
20,CPP,caffe,33768,18975,C++,https://github.com/BVLC/caffe,BVLC,896,2023-11-22T06:10:02Z
21,CPP,yuzu,33596,2891,C++,https://github.com/yuzu-emu/yuzu,yuzu-emu,1740,2024-02-20T05:03:06Z
22,CPP,ClickHouse,33108,6494,C++,https://github.com/ClickHouse/ClickHouse,ClickHouse,3272,2024-02-20T07:48:58Z
23,CPP,aria2,32910,3453,C++,https://github.com/aria2/aria2,aria2,1005,2024-02-16T12:12:12Z
24,CPP,googletest,32133,10142,C++,https://github.com/google/googletest,google,259,2024-02-15T00:12:56Z
25,CPP,interview,32021,7789,C++,https://github.com/huihut/interview,huihut,22,2023-11-27T02:41:03Z
26,CPP,carbon-lang,31985,1515,C++,https://github.com/carbon-language/carbon-lang,carbon-language,107,2024-02-17T00:19:34Z
27,CPP,ImHex,31859,1609,C++,https://github.com/WerWolv/ImHex,WerWolv,187,2024-02-19T23:10:09Z
28,CPP,TrafficMonitor,31247,3087,C++,https://github.com/zhongyang219/TrafficMonitor,zhongyang219,964,2023-12-20T13:58:36Z
29,CPP,phantomjs,29382,5875,C++,https://github.com/ariya/phantomjs,ariya,14,2022-11-26T19:43:12Z
30,CPP,openpose,29326,7798,C++,https://github.com/CMU-Perceptual-Computing-Lab/openpose,CMU-Perceptual-Computing-Lab,283,2024-02-03T12:00:16Z
31,CPP,C-Plus-Plus,28615,7009,C++,https://github.com/TheAlgorithms/C-Plus-Plus,TheAlgorithms,9,2024-02-14T18:53:04Z
32,CPP,calculator,28531,5258,C++,https://github.com/microsoft/calculator,microsoft,305,2024-02-10T21:39:06Z
33,CPP,serenity,27574,2995,C++,https://github.com/SerenityOS/serenity,SerenityOS,695,2024-02-20T03:13:36Z
34,CPP,rocksdb,26941,6151,C++,https://github.com/facebook/rocksdb,facebook,576,2024-02-19T12:10:10Z
35,CPP,faiss,26889,3339,C++,https://github.com/facebookresearch/faiss,facebookresearch,405,2024-02-18T10:16:15Z
36,CPP,folly,26775,5660,C++,https://github.com/facebook/folly,facebook,359,2024-02-19T16:02:47Z
37,CPP,rethinkdb,26453,1907,C++,https://github.com/rethinkdb/rethinkdb,rethinkdb,1340,2023-12-16T00:54:33Z
38,CPP,aseprite,25687,3822,C++,https://github.com/aseprite/aseprite,aseprite,1472,2024-02-19T15:01:34Z
39,CPP,cmder,25446,2092,C++,https://github.com/cmderdev/cmder,cmderdev,34,2024-02-19T13:40:32Z
40,CPP,xgboost,25320,8721,C++,https://github.com/dmlc/xgboost,dmlc,357,2024-02-20T07:32:33Z
41,CPP,mongo,25115,5540,C++,https://github.com/mongodb/mongo,mongodb,0,2024-02-20T03:03:19Z
42,CPP,emscripten,24882,3268,C++,https://github.com/emscripten-core/emscripten,emscripten-core,1621,2024-02-19T23:00:31Z
43,CPP,mediapipe,24828,4956,C++,https://github.com/google/mediapipe,google,234,2024-02-20T01:48:17Z
44,CPP,taichi,24413,2313,C++,https://github.com/taichi-dev/taichi,taichi-dev,728,2024-02-20T02:05:18Z
45,CPP,qBittorrent,24165,3780,C++,https://github.com/qbittorrent/qBittorrent,qbittorrent,2731,2024-02-19T22:47:11Z
46,CPP,apollo,24052,9567,C++,https://github.com/ApolloAuto/apollo,ApolloAuto,683,2024-02-19T19:46:44Z
47,CPP,tdesktop,23927,4936,C++,https://github.com/telegramdesktop/tdesktop,telegramdesktop,784,2024-02-19T10:31:09Z
48,CPP,DeepSpeech,23873,3940,C++,https://github.com/mozilla/DeepSpeech,mozilla,115,2024-02-18T05:01:17Z
49,CPP,srs,23718,5254,C++,https://github.com/ossrs/srs,ossrs,176,2024-02-19T14:25:23Z
50,CPP,envoy,23504,4657,C++,https://github.com/envoyproxy/envoy,envoyproxy,1520,2024-02-20T07:27:18Z
1,CoffeeScript,SwitchyOmega,20408,3111,CoffeeScript,https://github.com/FelisCatus/SwitchyOmega,FelisCatus,694,2023-12-08T19:04:03Z
2,CoffeeScript,mojs,18208,946,CoffeeScript,https://github.com/mojs/mojs,mojs,36,2024-02-02T22:33:33Z
3,CoffeeScript,coffeescript,16408,2070,CoffeeScript,https://github.com/jashkenas/coffeescript,jashkenas,68,2023-09-19T15:59:28Z
4,CoffeeScript,zxcvbn,14473,961,CoffeeScript,https://github.com/dropbox/zxcvbn,dropbox,106,2024-02-12T11:00:00Z
5,CoffeeScript,dynamics.js,7572,459,CoffeeScript,https://github.com/michaelvillar/dynamics.js,michaelvillar,8,2019-02-26T06:19:21Z
6,CoffeeScript,morris.js,6941,1246,CoffeeScript,https://github.com/morrisjs/morris.js,morrisjs,286,2021-10-07T12:56:12Z
7,CoffeeScript,At.js,5300,692,CoffeeScript,https://github.com/ichord/At.js,ichord,151,2021-11-18T12:53:24Z
8,CoffeeScript,node-xml2js,4791,615,CoffeeScript,https://github.com/Leonidas-from-XIV/node-xml2js,Leonidas-from-XIV,193,2023-07-30T10:41:35Z
9,CoffeeScript,aglio,4740,485,CoffeeScript,https://github.com/danielgtaylor/aglio,danielgtaylor,124,2019-05-13T14:40:13Z
10,CoffeeScript,vibrant.js,4609,239,CoffeeScript,https://github.com/jariz/vibrant.js,jariz,0,2017-11-28T15:50:23Z
11,CoffeeScript,bootstrap-tour,4420,950,CoffeeScript,https://github.com/sorich87/bootstrap-tour,sorich87,174,2023-10-09T22:35:49Z
12,CoffeeScript,pivottable,4279,1074,CoffeeScript,https://github.com/nicolaskruchten/pivottable,nicolaskruchten,361,2024-01-06T13:46:24Z
13,CoffeeScript,yakyak,3812,330,CoffeeScript,https://github.com/yakyak/yakyak,yakyak,87,2023-12-19T14:51:44Z
14,CoffeeScript,node-csv,3787,270,CoffeeScript,https://github.com/adaltas/node-csv,adaltas,41,2024-02-12T11:19:48Z
15,CoffeeScript,activate-power-mode,3562,427,CoffeeScript,https://github.com/JoelBesada/activate-power-mode,JoelBesada,50,2019-05-24T15:52:02Z
16,CoffeeScript,turbolinks-classic,3554,434,CoffeeScript,https://github.com/turbolinks/turbolinks-classic,turbolinks,40,2017-12-06T23:33:26Z
17,CoffeeScript,jquery.payment,3544,707,CoffeeScript,https://github.com/stripe-archive/jquery.payment,stripe-archive,0,2017-08-02T14:10:57Z
18,CoffeeScript,hubot-scripts,3533,1919,CoffeeScript,https://github.com/github/hubot-scripts,github,0,2017-07-10T16:06:49Z
19,CoffeeScript,wintersmith,3498,340,CoffeeScript,https://github.com/jnordberg/wintersmith,jnordberg,16,2021-07-15T14:10:26Z
20,CoffeeScript,dispatch-proxy,3462,248,CoffeeScript,https://github.com/alexkirsz/dispatch-proxy,alexkirsz,30,2022-05-01T20:03:10Z
21,CoffeeScript,pagedraw,3440,460,CoffeeScript,https://github.com/Pagedraw/pagedraw,Pagedraw,12,2023-01-12T01:49:13Z
22,CoffeeScript,pow,3413,273,CoffeeScript,https://github.com/basecamp/pow,basecamp,107,2020-05-14T20:48:22Z
23,CoffeeScript,Keypress,3192,322,CoffeeScript,https://github.com/dmauro/Keypress,dmauro,33,2020-09-06T00:02:02Z
24,CoffeeScript,docpad,3052,251,CoffeeScript,https://github.com/docpad/docpad,docpad,25,2024-02-11T13:53:58Z
25,CoffeeScript,sticky-kit,2917,525,CoffeeScript,https://github.com/leafo/sticky-kit,leafo,138,2021-02-23T03:23:59Z
26,CoffeeScript,butterfly,2887,324,CoffeeScript,https://github.com/paradoxxxzero/butterfly,paradoxxxzero,82,2020-05-25T04:55:13Z
27,CoffeeScript,engine,2870,120,CoffeeScript,https://github.com/gss/engine,gss,113,2019-12-17T00:22:16Z
28,CoffeeScript,chaplin,2853,240,CoffeeScript,https://github.com/chaplinjs/chaplin,chaplinjs,42,2022-12-30T06:52:38Z
29,CoffeeScript,talk-os,2729,814,CoffeeScript,https://github.com/jianliaoim/talk-os,jianliaoim,8,2017-09-05T02:27:58Z
30,CoffeeScript,psd.js,2648,420,CoffeeScript,https://github.com/meltingice/psd.js,meltingice,163,2024-02-01T02:54:51Z
31,CoffeeScript,angular-google-maps,2525,1124,CoffeeScript,https://github.com/angular-ui/angular-google-maps,angular-ui,337,2018-11-14T19:00:52Z
32,CoffeeScript,cloudtunes,2484,244,CoffeeScript,https://github.com/jkbrzt/cloudtunes,jkbrzt,20,2023-08-26T13:17:48Z
33,CoffeeScript,hallo,2437,321,CoffeeScript,https://github.com/bergie/hallo,bergie,89,2020-09-03T15:39:25Z
34,CoffeeScript,oriDomi,2407,213,CoffeeScript,https://github.com/dmotz/oriDomi,dmotz,9,2018-07-14T18:10:28Z
35,CoffeeScript,hubot-slack,2302,672,CoffeeScript,https://github.com/slackapi/hubot-slack,slackapi,19,2023-09-23T23:15:20Z
36,CoffeeScript,node-cache,2164,139,CoffeeScript,https://github.com/node-cache/node-cache,node-cache,51,2023-11-14T17:07:36Z
37,CoffeeScript,js2coffee,2078,257,CoffeeScript,https://github.com/js2coffee/js2coffee,js2coffee,85,2023-11-13T11:44:31Z
38,CoffeeScript,QuoJS,2077,276,CoffeeScript,https://github.com/soyjavi/QuoJS,soyjavi,23,2018-09-03T00:16:56Z
39,CoffeeScript,shadowsocks-gui,2003,1190,CoffeeScript,https://github.com/shadowsocks/shadowsocks-gui,shadowsocks,0,2018-09-24T04:39:12Z
40,CoffeeScript,unpoly,1927,70,CoffeeScript,https://github.com/unpoly/unpoly,unpoly,17,2024-02-16T09:00:59Z
41,CoffeeScript,local_time,1853,131,CoffeeScript,https://github.com/basecamp/local_time,basecamp,1,2024-02-06T03:35:45Z
42,CoffeeScript,CoffeeScriptRedux,1844,119,CoffeeScript,https://github.com/michaelficarra/CoffeeScriptRedux,michaelficarra,91,2022-07-19T20:35:10Z
43,CoffeeScript,ng-token-auth,1804,242,CoffeeScript,https://github.com/lynndylanhurley/ng-token-auth,lynndylanhurley,97,2022-12-06T18:43:58Z
44,CoffeeScript,camo,1778,404,CoffeeScript,https://github.com/atmos/camo,atmos,17,2021-04-04T19:59:16Z
45,CoffeeScript,BuckyClient,1739,100,CoffeeScript,https://github.com/HubSpot/BuckyClient,HubSpot,12,2016-08-05T20:07:08Z
46,CoffeeScript,dnschain,1730,179,CoffeeScript,https://github.com/okTurtles/dnschain,okTurtles,44,2017-04-22T03:52:26Z
47,CoffeeScript,slidesjs,1724,364,CoffeeScript,https://github.com/nathansearles/slidesjs,nathansearles,300,2020-12-07T00:07:08Z
48,CoffeeScript,eco,1717,74,CoffeeScript,https://github.com/sstephenson/eco,sstephenson,25,2019-07-02T05:26:52Z
49,CoffeeScript,vim-mode,1716,263,CoffeeScript,https://github.com/atom/vim-mode,atom,0,2017-06-15T20:06:24Z
50,CoffeeScript,jquery.shapeshift,1675,313,CoffeeScript,https://github.com/AshesOfOwls/jquery.shapeshift,AshesOfOwls,79,2016-12-25T11:01:38Z
1,Dart,flutter,160125,26891,Dart,https://github.com/flutter/flutter,flutter,12137,2024-02-20T07:53:43Z
2,Dart,awesome-flutter,50328,6638,Dart,https://github.com/Solido/awesome-flutter,Solido,0,2024-01-29T18:25:22Z
3,Dart,AppFlowy,46521,3025,Dart,https://github.com/AppFlowy-IO/AppFlowy,AppFlowy-IO,638,2024-02-20T06:02:32Z
4,Dart,localsend,28405,1391,Dart,https://github.com/localsend/localsend,localsend,301,2024-02-18T01:40:57Z
5,Dart,flutter-go,23541,3863,Dart,https://github.com/alibaba/flutter-go,alibaba,0,2023-12-11T20:49:42Z
6,Dart,spotube,22192,846,Dart,https://github.com/KRTirtho/spotube,KRTirtho,259,2024-02-20T00:14:49Z
7,Dart,FlutterExampleApps,19731,3714,Dart,https://github.com/iampawan/FlutterExampleApps,iampawan,15,2023-12-14T14:43:46Z
8,Dart,Best-Flutter-UI-Templates,19284,4368,Dart,https://github.com/mitesh77/Best-Flutter-UI-Templates,mitesh77,6,2024-01-18T09:32:57Z
9,Dart,plugins,17256,9963,Dart,https://github.com/flutter/plugins,flutter,0,2023-02-22T19:12:53Z
10,Dart,samples,16336,7382,Dart,https://github.com/flutter/samples,flutter,41,2024-02-20T06:30:04Z
11,Dart,gsy_github_app_flutter,14487,2533,Dart,https://github.com/CarGuo/gsy_github_app_flutter,CarGuo,5,2023-11-23T07:26:18Z
12,Dart,revanced-manager,13625,586,Dart,https://github.com/ReVanced/revanced-manager,ReVanced,92,2024-02-19T23:42:01Z
13,Dart,dio,12105,1485,Dart,https://github.com/cfug/dio,cfug,20,2024-02-20T07:12:53Z
14,Dart,bloc,11209,3348,Dart,https://github.com/felangel/bloc,felangel,75,2024-02-17T17:06:53Z
15,Dart,sdk,9678,1550,Dart,https://github.com/dart-lang/sdk,dart-lang,7118,2024-02-20T04:03:49Z
16,Dart,getx,9621,1557,Dart,https://github.com/jonataslaw/getx,jonataslaw,887,2024-02-17T00:47:14Z
17,Dart,gopeed,9474,791,Dart,https://github.com/GopeedLab/gopeed,GopeedLab,35,2024-02-18T12:45:13Z
18,Dart,BlackHole,8902,1173,Dart,https://github.com/Sangwan5688/BlackHole,Sangwan5688,271,2024-02-18T05:32:41Z
19,Dart,flame,8639,851,Dart,https://github.com/flame-engine/flame,flame-engine,109,2024-02-20T08:01:44Z
20,Dart,flutter_architecture_samples,8630,1701,Dart,https://github.com/brianegan/flutter_architecture_samples,brianegan,37,2021-03-06T14:55:42Z
21,Dart,FlutterDouBan,8445,1788,Dart,https://github.com/kaina404/FlutterDouBan,kaina404,43,2023-07-22T08:45:18Z
22,Dart,flutterfire,8265,3913,Dart,https://github.com/firebase/flutterfire,firebase,214,2024-02-19T10:34:00Z
23,Dart,flutter_deer,7522,1591,Dart,https://github.com/simplezhli/flutter_deer,simplezhli,0,2024-02-19T14:19:38Z
24,Dart,fish-redux,7341,851,Dart,https://github.com/alibaba/fish-redux,alibaba,161,2022-02-17T16:21:20Z
25,Dart,Flutter-Notebook,7132,1200,Dart,https://github.com/OpenFlutter/Flutter-Notebook,OpenFlutter,0,2021-04-14T05:45:18Z
26,Dart,FlutterUnit,7066,1170,Dart,https://github.com/toly1994328/FlutterUnit,toly1994328,47,2024-02-15T10:27:30Z
27,Dart,flutter_boost,6753,1205,Dart,https://github.com/alibaba/flutter_boost,alibaba,310,2024-02-20T02:36:16Z
28,Dart,flutter-examples,6696,1641,Dart,https://github.com/nisrulz/flutter-examples,nisrulz,10,2023-11-03T04:35:11Z
29,Dart,flutter-tips-and-tricks,6538,1074,Dart,https://github.com/vandadnp/flutter-tips-and-tricks,vandadnp,7,2023-09-10T16:58:52Z
30,Dart,HistoryOfEverything,6411,987,Dart,https://github.com/2d-inc/HistoryOfEverything,2d-inc,49,2021-09-22T19:36:20Z
31,Dart,Flutter-Responsive-Admin-Panel-or-Dashboard,6294,1777,Dart,https://github.com/abuanwar072/Flutter-Responsive-Admin-Panel-or-Dashboard,abuanwar072,17,2023-11-16T02:36:59Z
32,Dart,fl_chart,6258,1624,Dart,https://github.com/imaNNeo/fl_chart,imaNNeo,245,2024-02-17T18:56:13Z
33,Dart,Flutter-UI-Kit,6155,1170,Dart,https://github.com/iampawan/Flutter-UI-Kit,iampawan,7,2022-06-13T15:18:00Z
34,Dart,pixez-flutter,6144,263,Dart,https://github.com/Notsfsssf/pixez-flutter,Notsfsssf,234,2024-02-16T03:25:02Z
35,Dart,gallery,6136,1528,Dart,https://github.com/flutter/gallery,flutter,36,2024-02-14T21:59:22Z
36,Dart,aidea,5749,853,Dart,https://github.com/mylxsw/aidea,mylxsw,15,2024-02-20T07:56:26Z
37,Dart,flutter_wanandroid,5609,1235,Dart,https://github.com/Sky24n/flutter_wanandroid,Sky24n,9,2021-05-21T08:53:02Z
38,Dart,riverpod,5567,862,Dart,https://github.com/rrousselGit/riverpod,rrousselGit,124,2024-02-19T11:05:58Z
39,Dart,FlutterScreens,5454,1323,Dart,https://github.com/samarthagarwal/FlutterScreens,samarthagarwal,5,2023-06-25T07:11:06Z
40,Dart,flukit,5407,625,Dart,https://github.com/flutterchina/flukit,flutterchina,11,2023-02-19T09:33:13Z
41,Dart,Flutter-learning,5320,838,Dart,https://github.com/AweiLoveAndroid/Flutter-learning,AweiLoveAndroid,15,2022-02-12T04:00:04Z
42,Dart,pikapika,5273,383,Dart,https://github.com/niuhuan/pikapika,niuhuan,40,2023-11-17T05:53:48Z
43,Dart,hiddify-next,4991,355,Dart,https://github.com/hiddify/hiddify-next,hiddify,63,2024-02-20T07:01:27Z
44,Dart,provider,4976,501,Dart,https://github.com/rrousselGit/provider,rrousselGit,20,2024-01-28T21:21:50Z
45,Dart,flutter-tutorials,4705,1769,Dart,https://github.com/FilledStacks/flutter-tutorials,FilledStacks,32,2023-04-25T13:56:03Z
46,Dart,flutter_ui_challenges,4450,1394,Dart,https://github.com/lohanidamodar/flutter_ui_challenges,lohanidamodar,1,2023-06-16T04:45:43Z
47,Dart,flutter_vignettes,4305,958,Dart,https://github.com/gskinnerTeam/flutter_vignettes,gskinnerTeam,5,2023-02-27T19:48:49Z
48,Dart,getwidget,4294,581,Dart,https://github.com/ionicfirebaseapp/getwidget,ionicfirebaseapp,18,2023-11-28T21:06:19Z
49,Dart,Obtainium,4251,103,Dart,https://github.com/ImranR98/Obtainium,ImranR98,118,2024-02-19T21:29:23Z
50,Dart,fvm,4183,193,Dart,https://github.com/leoafarias/fvm,leoafarias,28,2024-02-19T15:58:37Z
1,Go,go,117919,17722,Go,https://github.com/golang/go,golang,8635,2024-02-20T06:54:59Z
2,Go,awesome-go,116919,11682,Go,https://github.com/avelino/awesome-go,avelino,3,2024-02-19T15:39:59Z
3,Go,kubernetes,105187,39176,Go,https://github.com/kubernetes/kubernetes,kubernetes,1925,2024-02-20T08:01:11Z
4,Go,frp,77322,12608,Go,https://github.com/fatedier/frp,fatedier,83,2024-02-20T04:01:41Z
5,Go,gin,74255,7896,Go,https://github.com/gin-gonic/gin,gin-gonic,574,2024-02-19T02:34:57Z
6,Go,hugo,71369,7573,Go,https://github.com/gohugoio/hugo,gohugoio,437,2024-02-20T01:58:31Z
7,Go,moby,67390,19046,Go,https://github.com/moby/moby,moby,2981,2024-02-20T08:00:29Z
8,Go,syncthing,58171,4089,Go,https://github.com/syncthing/syncthing,syncthing,327,2024-02-20T01:21:54Z
9,Go,fzf,57801,2322,Go,https://github.com/junegunn/fzf,junegunn,299,2024-02-20T01:35:30Z
10,Go,caddy,52376,3967,Go,https://github.com/caddyserver/caddy,caddyserver,111,2024-02-20T07:26:46Z
11,Go,prometheus,51799,8782,Go,https://github.com/prometheus/prometheus,prometheus,792,2024-02-20T00:27:18Z
12,Go,act,48014,1233,Go,https://github.com/nektos/act,nektos,189,2024-02-19T12:34:44Z
13,Go,traefik,46859,4879,Go,https://github.com/traefik/traefik,traefik,646,2024-02-19T15:50:06Z
14,Go,etcd,45762,9695,Go,https://github.com/etcd-io/etcd,etcd-io,195,2024-02-20T04:37:40Z
15,Go,go-ethereum,44871,20083,Go,https://github.com/ethereum/go-ethereum,ethereum,257,2024-02-20T05:16:43Z
16,Go,mkcert,44725,2410,Go,https://github.com/FiloSottile/mkcert,FiloSottile,95,2024-02-09T12:20:41Z
17,Go,v2ray-core,44419,9090,Go,https://github.com/v2ray/v2ray-core,v2ray,12,2024-02-14T03:19:53Z
18,Go,gogs,43810,4935,Go,https://github.com/gogs/gogs,gogs,872,2024-02-20T02:19:11Z
19,Go,minio,43094,5147,Go,https://github.com/minio/minio,minio,29,2024-02-20T07:46:30Z
20,Go,lazygit,43008,1654,Go,https://github.com/jesseduffield/lazygit,jesseduffield,546,2024-02-18T17:49:14Z
21,Go,rclone,42766,3983,Go,https://github.com/rclone/rclone,rclone,866,2024-02-19T01:44:22Z
22,Go,build-web-application-with-golang,42699,10840,Go,https://github.com/astaxie/build-web-application-with-golang,astaxie,115,2024-01-12T19:57:29Z
23,Go,dive,42615,1652,Go,https://github.com/wagoodman/dive,wagoodman,144,2024-02-14T15:17:20Z
24,Go,gitea,40767,5166,Go,https://github.com/go-gitea/gitea,go-gitea,2390,2024-02-20T07:35:21Z
25,Go,terraform,40609,9436,Go,https://github.com/hashicorp/terraform,hashicorp,1776,2024-02-19T17:06:15Z
26,Go,ollama,38424,2529,Go,https://github.com/ollama/ollama,ollama,501,2024-02-20T05:15:59Z
27,Go,esbuild,36826,1105,Go,https://github.com/evanw/esbuild,evanw,364,2024-02-19T21:05:31Z
28,Go,tidb,35737,5753,Go,https://github.com/pingcap/tidb,pingcap,3611,2024-02-20T08:04:43Z
29,Go,cobra,35246,2860,Go,https://github.com/spf13/cobra,spf13,179,2024-02-12T10:51:49Z
30,Go,alist,35242,4783,Go,https://github.com/alist-org/alist,alist-org,103,2024-02-20T03:51:44Z
31,Go,gorm,34828,3866,Go,https://github.com/go-gorm/gorm,go-gorm,279,2024-02-19T03:42:26Z
32,Go,cli,34608,6014,Go,https://github.com/cli/cli,cli,519,2024-02-20T02:49:30Z
33,Go,istio,34390,7564,Go,https://github.com/istio/istio,istio,502,2024-02-20T08:03:31Z
34,Go,the-way-to-go_ZH_CN,33968,8759,Go,https://github.com/unknwon/the-way-to-go_ZH_CN,unknwon,0,2024-02-02T08:48:40Z
35,Go,nvm-windows,33385,3220,Go,https://github.com/coreybutler/nvm-windows,coreybutler,72,2024-02-04T15:04:33Z
36,Go,lazydocker,32418,1130,Go,https://github.com/jesseduffield/lazydocker,jesseduffield,108,2024-02-17T14:09:14Z
37,Go,compose,31843,5221,Go,https://github.com/docker/compose,docker,192,2024-02-19T14:52:24Z
38,Go,pocketbase,31680,1440,Go,https://github.com/pocketbase/pocketbase,pocketbase,35,2024-02-19T21:13:11Z
39,Go,photoprism,31557,1757,Go,https://github.com/photoprism/photoprism,photoprism,410,2024-02-17T14:56:57Z
40,Go,LeetCode-Go,31425,5660,Go,https://github.com/halfrost/LeetCode-Go,halfrost,14,2024-02-05T19:38:45Z
41,Go,gitness,31179,2821,Go,https://github.com/harness/gitness,harness,125,2024-02-17T15:43:39Z
42,Go,beego,30674,5722,Go,https://github.com/beego/beego,beego,5,2024-02-14T13:22:14Z
43,Go,fiber,30381,1575,Go,https://github.com/gofiber/fiber,gofiber,64,2024-02-19T14:30:28Z
44,Go,vault,29316,4131,Go,https://github.com/hashicorp/vault,hashicorp,984,2024-02-19T22:02:37Z
45,Go,cockroach,28667,3683,Go,https://github.com/cockroachdb/cockroach,cockroachdb,4611,2024-02-20T07:26:58Z
46,Go,nps,28620,5251,Go,https://github.com/ehang-io/nps,ehang-io,458,2024-01-11T03:38:31Z
47,Go,minikube,28033,4874,Go,https://github.com/kubernetes/minikube,kubernetes,908,2024-02-19T22:54:18Z
48,Go,echo,27938,2279,Go,https://github.com/labstack/echo,labstack,50,2024-02-18T13:47:13Z
49,Go,consul,27586,4445,Go,https://github.com/hashicorp/consul,hashicorp,1126,2024-02-20T05:45:26Z
50,Go,go-zero,27047,3828,Go,https://github.com/zeromicro/go-zero,zeromicro,374,2024-02-20T05:09:17Z
1,Java,JavaGuide,140689,45367,Java,https://github.com/Snailclimb/JavaGuide,Snailclimb,56,2024-02-20T07:27:26Z
2,Java,java-design-patterns,85766,26007,Java,https://github.com/iluwatar/java-design-patterns,iluwatar,199,2024-02-15T07:54:12Z
3,Java,GitHub-Chinese-Top-Charts,82797,11658,Java,https://github.com/GrowingGit/GitHub-Chinese-Top-Charts,GrowingGit,147,2024-02-20T05:45:45Z
4,Java,LeetCodeAnimation,74683,14062,Java,https://github.com/MisterBooo/LeetCodeAnimation,MisterBooo,17,2023-08-14T12:14:01Z
5,Java,mall,73933,28204,Java,https://github.com/macrozheng/mall,macrozheng,26,2024-02-10T05:36:45Z
6,Java,spring-boot,71707,40291,Java,https://github.com/spring-projects/spring-boot,spring-projects,611,2024-02-20T04:07:03Z
7,Java,hello-algo,62785,7762,Java,https://github.com/krahets/hello-algo,krahets,11,2024-02-19T13:39:33Z
8,Java,interviews,61273,12792,Java,https://github.com/kdn251/interviews,kdn251,30,2023-12-15T17:11:44Z
9,Java,spring-framework,54477,37519,Java,https://github.com/spring-projects/spring-framework,spring-projects,297,2024-02-19T21:41:37Z
10,Java,RxJava,47524,7803,Java,https://github.com/ReactiveX/RxJava,ReactiveX,11,2024-02-16T07:38:54Z
11,Java,ghidra,46255,5544,Java,https://github.com/NationalSecurityAgency/ghidra,NationalSecurityAgency,1322,2024-02-18T01:49:51Z
12,Java,retrofit,42430,7407,Java,https://github.com/square/retrofit,square,128,2024-02-17T00:20:48Z
13,Java,dubbo,39803,26442,Java,https://github.com/apache/dubbo,apache,889,2024-02-20T06:13:01Z
14,Java,jadx,38158,4728,Java,https://github.com/skylot/jadx,skylot,359,2024-02-19T20:40:21Z
15,Java,jeecg-boot,37081,14248,Java,https://github.com/jeecgboot/jeecg-boot,jeecgboot,40,2024-02-19T08:40:53Z
16,Java,dbeaver,36062,3230,Java,https://github.com/dbeaver/dbeaver,dbeaver,1934,2024-02-19T17:32:40Z
17,Java,tutorials,35621,54252,Java,https://github.com/eugenp/tutorials,eugenp,9,2024-02-20T07:31:50Z
18,Java,lottie-android,34534,5450,Java,https://github.com/airbnb/lottie-android,airbnb,18,2024-02-18T19:15:50Z
19,Java,hello-algorithm,34467,6513,Java,https://github.com/geekxh/hello-algorithm,geekxh,9,2023-06-13T04:13:17Z
20,Java,arthas,34299,7375,Java,https://github.com/alibaba/arthas,alibaba,271,2024-02-07T09:56:02Z
21,Java,netty,32433,15772,Java,https://github.com/netty/netty,netty,565,2024-02-19T19:05:36Z
22,Java,zxing,32006,9480,Java,https://github.com/zxing/zxing,zxing,3,2024-02-19T12:59:55Z
23,Java,spring-boot-demo,31565,10751,Java,https://github.com/xkcoding/spring-boot-demo,xkcoding,89,2024-02-01T02:41:48Z
24,Java,halo,30594,9257,Java,https://github.com/halo-dev/halo,halo-dev,326,2024-02-20T04:44:07Z
25,Java,easyexcel,30437,7407,Java,https://github.com/alibaba/easyexcel,alibaba,422,2024-01-31T09:55:54Z
26,Java,spring-boot-examples,29755,12406,Java,https://github.com/ityouknow/spring-boot-examples,ityouknow,7,2023-11-18T16:32:16Z
27,Java,termux-app,29014,3242,Java,https://github.com/termux/termux-app,termux,302,2024-02-19T01:17:28Z
28,Java,selenium,28830,8033,Java,https://github.com/SeleniumHQ/selenium,SeleniumHQ,115,2024-02-20T07:58:33Z
29,Java,apollo,28652,10230,Java,https://github.com/apolloconfig/apollo,apolloconfig,127,2024-02-07T10:01:21Z
30,Java,nacos,28571,12505,Java,https://github.com/alibaba/nacos,alibaba,230,2024-02-20T07:50:16Z
31,Java,hutool,27958,7423,Java,https://github.com/dromara/hutool,dromara,2,2024-02-20T03:50:30Z
32,Java,leetcode,27866,4791,Java,https://github.com/doocs/leetcode,doocs,0,2024-02-20T02:18:12Z
33,Java,NewPipe,27549,2929,Java,https://github.com/TeamNewPipe/NewPipe,TeamNewPipe,1179,2024-02-06T19:39:40Z
34,Java,JCSprout,27055,7210,Java,https://github.com/crossoverJie/JCSprout,crossoverJie,30,2022-10-24T12:27:21Z
35,Java,spring-cloud-alibaba,26981,8197,Java,https://github.com/alibaba/spring-cloud-alibaba,alibaba,368,2024-02-20T03:13:26Z
36,Java,vhr,26738,10356,Java,https://github.com/lenve/vhr,lenve,156,2024-01-11T01:16:10Z
37,Java,xxl-job,26094,10611,Java,https://github.com/xuxueli/xxl-job,xuxueli,1155,2024-02-05T00:58:38Z
38,Java,butterknife,25584,4682,Java,https://github.com/JakeWharton/butterknife,JakeWharton,99,2023-09-02T07:41:30Z
39,Java,toBeTopJavaer,25086,5516,Java,https://github.com/hollischuang/toBeTopJavaer,hollischuang,56,2024-01-03T13:58:24Z
40,Java,proxyee-down,24974,4531,Java,https://github.com/proxyee-down-org/proxyee-down,proxyee-down-org,0,2023-11-03T03:11:42Z
41,Java,incubator-seata,24783,8731,Java,https://github.com/apache/incubator-seata,apache,706,2024-02-20T08:03:59Z
42,Java,Signal-Android,24650,6055,Java,https://github.com/signalapp/Signal-Android,signalapp,306,2024-02-16T21:56:41Z
43,Java,SmartRefreshLayout,24592,4991,Java,https://github.com/scwang90/SmartRefreshLayout,scwang90,315,2023-11-19T15:30:37Z
44,Java,EventBus,24551,4726,Java,https://github.com/greenrobot/EventBus,greenrobot,100,2023-09-13T16:05:50Z
45,Java,Hystrix,23789,4769,Java,https://github.com/Netflix/Hystrix,Netflix,347,2023-10-17T13:04:47Z
46,Java,Telegram,23409,7892,Java,https://github.com/DrKLO/Telegram,DrKLO,0,2024-02-19T18:29:18Z
47,Java,gson,22813,4385,Java,https://github.com/google/gson,google,245,2024-02-19T03:53:26Z
48,Java,libgdx,22489,6553,Java,https://github.com/libgdx/libgdx,libgdx,231,2024-02-19T18:18:05Z
49,Java,redisson,22387,5277,Java,https://github.com/redisson/redisson,redisson,349,2024-02-20T06:56:23Z
50,Java,bazel,22043,4018,Java,https://github.com/bazelbuild/bazel,bazelbuild,1766,2024-02-20T07:24:13Z
1,JavaScript,javascript-algorithms,180312,29776,JavaScript,https://github.com/trekhleb/javascript-algorithms,trekhleb,122,2024-02-13T14:12:33Z
2,JavaScript,bootstrap,166854,79236,JavaScript,https://github.com/twbs/bootstrap,twbs,395,2024-02-18T15:39:54Z
3,JavaScript,AutoGPT,157978,40401,JavaScript,https://github.com/Significant-Gravitas/AutoGPT,Significant-Gravitas,90,2024-02-20T07:57:15Z
4,JavaScript,javascript,140466,26692,JavaScript,https://github.com/airbnb/javascript,airbnb,90,2024-02-19T19:36:37Z
5,JavaScript,next.js,118321,25803,JavaScript,https://github.com/vercel/next.js,vercel,2566,2024-02-20T07:26:39Z
6,JavaScript,30-seconds-of-code,118114,12174,JavaScript,https://github.com/Chalarangelo/30-seconds-of-code,Chalarangelo,0,2024-02-19T18:26:18Z
7,JavaScript,axios,103412,10904,JavaScript,https://github.com/axios/axios,axios,497,2024-02-19T10:53:50Z
8,JavaScript,node,101909,28658,JavaScript,https://github.com/nodejs/node,nodejs,1509,2024-02-20T07:56:37Z
9,JavaScript,three.js,97542,35390,JavaScript,https://github.com/mrdoob/three.js,mrdoob,364,2024-02-20T03:35:06Z
10,JavaScript,Web-Dev-For-Beginners,80317,12261,JavaScript,https://github.com/microsoft/Web-Dev-For-Beginners,microsoft,51,2024-02-20T04:37:36Z
11,JavaScript,iptv,75933,1565,JavaScript,https://github.com/iptv-org/iptv,iptv-org,24,2024-02-20T00:07:51Z
12,JavaScript,svelte,75487,4301,JavaScript,https://github.com/sveltejs/svelte,sveltejs,940,2024-02-20T01:17:03Z
13,JavaScript,Font-Awesome,72794,12490,JavaScript,https://github.com/FortAwesome/Font-Awesome,FortAwesome,5446,2024-01-14T14:41:15Z
14,JavaScript,json-server,70522,6982,JavaScript,https://github.com/typicode/json-server,typicode,579,2024-02-15T00:53:17Z
15,JavaScript,awesome-mac,69213,6204,JavaScript,https://github.com/jaywcjlove/awesome-mac,jaywcjlove,100,2024-02-18T13:50:31Z
16,JavaScript,mermaid,65258,5758,JavaScript,https://github.com/mermaid-js/mermaid,mermaid-js,834,2024-02-20T01:15:43Z
17,JavaScript,webpack,63901,8970,JavaScript,https://github.com/webpack/webpack,webpack,149,2024-02-19T16:48:19Z
18,JavaScript,github-readme-stats,63268,20271,JavaScript,https://github.com/anuraghazra/github-readme-stats,anuraghazra,98,2024-02-20T01:41:00Z
19,JavaScript,express,63182,13279,JavaScript,https://github.com/expressjs/express,expressjs,133,2024-02-20T07:45:15Z
20,JavaScript,Chart.js,62988,12041,JavaScript,https://github.com/chartjs/Chart.js,chartjs,330,2024-02-18T12:31:38Z
21,JavaScript,33-js-concepts,61214,8732,JavaScript,https://github.com/leonardomso/33-js-concepts,leonardomso,17,2024-02-19T10:05:23Z
22,JavaScript,resume.github.com,61173,1438,JavaScript,https://github.com/resume/resume.github.com,resume,54,2023-02-15T06:38:51Z
23,JavaScript,atom,59917,18401,JavaScript,https://github.com/atom/atom,atom,963,2023-01-03T10:49:48Z
24,JavaScript,markdown-here,59387,11439,JavaScript,https://github.com/adam-p/markdown-here,adam-p,302,2023-01-16T15:01:42Z
25,JavaScript,angular.js,58979,28134,JavaScript,https://github.com/angular/angular.js,angular,391,2022-04-12T15:57:22Z
26,JavaScript,jquery,58671,20963,JavaScript,https://github.com/jquery/jquery,jquery,71,2024-02-16T03:51:21Z
27,JavaScript,lodash,58491,7206,JavaScript,https://github.com/lodash/lodash,lodash,37,2024-02-14T12:26:52Z
28,JavaScript,html5-boilerplate,55780,12577,JavaScript,https://github.com/h5bp/html5-boilerplate,h5bp,7,2024-02-15T15:05:48Z
29,JavaScript,gatsby,54949,10594,JavaScript,https://github.com/gatsbyjs/gatsby,gatsbyjs,157,2024-02-19T00:28:49Z
30,JavaScript,leetcode,53306,9492,JavaScript,https://github.com/azl397985856/leetcode,azl397985856,9,2024-01-13T12:34:51Z
31,JavaScript,DeepLearning-500-questions,52576,15801,JavaScript,https://github.com/scutan90/DeepLearning-500-questions,scutan90,105,2023-11-28T04:45:49Z
32,JavaScript,Semantic-UI,50939,5101,JavaScript,https://github.com/Semantic-Org/Semantic-UI,Semantic-Org,965,2023-12-08T10:19:17Z
33,JavaScript,anime,48293,3792,JavaScript,https://github.com/juliangarnier/anime,juliangarnier,200,2023-11-28T12:21:16Z
34,JavaScript,prettier,47812,4277,JavaScript,https://github.com/prettier/prettier,prettier,1079,2024-02-19T18:15:56Z
35,JavaScript,moment,47717,7243,JavaScript,https://github.com/moment/moment,moment,201,2024-02-18T12:54:04Z
36,JavaScript,hacker-scripts,47092,6773,JavaScript,https://github.com/NARKOZ/hacker-scripts,NARKOZ,41,2023-10-23T21:01:40Z
37,JavaScript,uptime-kuma,46188,4221,JavaScript,https://github.com/louislam/uptime-kuma,louislam,590,2024-02-20T01:25:41Z
38,JavaScript,chinese-poetry,46055,9354,JavaScript,https://github.com/chinese-poetry/chinese-poetry,chinese-poetry,105,2023-11-27T08:07:33Z
39,JavaScript,serverless,45865,5828,JavaScript,https://github.com/serverless/serverless,serverless,1071,2024-02-19T09:20:07Z
40,JavaScript,algorithm-visualizer,45857,7366,JavaScript,https://github.com/algorithm-visualizer/algorithm-visualizer,algorithm-visualizer,35,2023-12-14T07:38:51Z
41,JavaScript,cypress,45823,3171,JavaScript,https://github.com/cypress-io/cypress,cypress-io,1369,2024-02-20T01:03:24Z
42,JavaScript,drawio-desktop,45464,4711,JavaScript,https://github.com/jgraph/drawio-desktop,jgraph,161,2024-02-16T00:00:11Z
43,JavaScript,bypass-paywalls-chrome,45426,3347,JavaScript,https://github.com/iamadamdev/bypass-paywalls-chrome,iamadamdev,0,2023-10-20T04:53:10Z
44,JavaScript,dayjs,45303,2302,JavaScript,https://github.com/iamkun/dayjs,iamkun,741,2024-02-17T05:37:20Z
45,JavaScript,Ghost,45158,10082,JavaScript,https://github.com/TryGhost/Ghost,TryGhost,32,2024-02-19T13:13:51Z
46,JavaScript,meteor,43987,5428,JavaScript,https://github.com/meteor/meteor,meteor,230,2024-02-19T23:54:50Z
47,JavaScript,marktext,43583,3345,JavaScript,https://github.com/marktext/marktext,marktext,1071,2024-01-20T03:08:08Z
48,JavaScript,react,43568,4071,JavaScript,https://github.com/typescript-cheatsheets/react,typescript-cheatsheets,2,2024-02-10T07:53:56Z
49,JavaScript,parcel,42997,2361,JavaScript,https://github.com/parcel-bundler/parcel,parcel-bundler,648,2024-02-20T05:46:04Z
50,JavaScript,Motrix,42167,4413,JavaScript,https://github.com/agalwood/Motrix,agalwood,683,2024-02-09T17:02:52Z
1,Objective-C,AFNetworking,33331,10449,Objective-C,https://github.com/AFNetworking/AFNetworking,AFNetworking,0,2023-01-17T19:30:05Z
2,Objective-C,SDWebImage,24761,5980,Objective-C,https://github.com/SDWebImage/SDWebImage,SDWebImage,72,2024-02-13T07:45:08Z
3,Objective-C,WeChatExtension-ForMac,21733,3592,Objective-C,https://github.com/MustangYM/WeChatExtension-ForMac,MustangYM,868,2023-07-19T14:53:21Z
4,Objective-C,GPUImage,20157,4652,Objective-C,https://github.com/BradLarson/GPUImage,BradLarson,907,2024-02-16T22:29:30Z
5,Objective-C,Masonry,18054,3175,Objective-C,https://github.com/SnapKit/Masonry,SnapKit,125,2023-04-13T18:23:56Z
6,Objective-C,realm-swift,16096,2180,Objective-C,https://github.com/realm/realm-swift,realm,373,2024-02-19T17:51:11Z
7,Objective-C,MBProgressHUD,15974,3550,Objective-C,https://github.com/jdg/MBProgressHUD,jdg,70,2024-01-02T20:16:20Z
8,Objective-C,TrollStore,14854,1011,Objective-C,https://github.com/opa334/TrollStore,opa334,40,2024-02-16T01:07:17Z
9,Objective-C,react-native-maps,14619,4868,Objective-C,https://github.com/react-native-maps/react-native-maps,react-native-maps,63,2024-02-20T07:47:32Z
10,Objective-C,iTerm2,14348,1179,Objective-C,https://github.com/gnachman/iTerm2,gnachman,0,2024-02-19T21:06:23Z
11,Objective-C,WebViewJavascriptBridge,14242,3051,Objective-C,https://github.com/marcuswestin/WebViewJavascriptBridge,marcuswestin,76,2023-10-21T05:47:56Z
12,Objective-C,YYKit,13975,3722,Objective-C,https://github.com/ibireme/YYKit,ibireme,274,2023-10-31T07:56:03Z
13,Objective-C,WeChatPlugin-MacOS,13902,2530,Objective-C,https://github.com/TKkk-iOSer/WeChatPlugin-MacOS,TKkk-iOSer,144,2023-03-21T13:16:45Z
14,Objective-C,fmdb,13829,2847,Objective-C,https://github.com/ccgus/fmdb,ccgus,236,2024-02-08T18:47:31Z
15,Objective-C,FLEX,13824,1705,Objective-C,https://github.com/FLEXTool/FLEX,FLEXTool,37,2024-02-16T07:13:13Z
16,Objective-C,MJRefresh,13758,3576,Objective-C,https://github.com/CoderMJLee/MJRefresh,CoderMJLee,41,2023-12-21T07:05:47Z
17,Objective-C,spectacle,13588,841,Objective-C,https://github.com/eczarny/spectacle,eczarny,0,2022-01-15T17:32:42Z
18,Objective-C,CocoaLumberjack,13086,2288,Objective-C,https://github.com/CocoaLumberjack/CocoaLumberjack,CocoaLumberjack,6,2024-02-19T09:06:45Z
19,Objective-C,IGListKit,12767,1590,Objective-C,https://github.com/Instagram/IGListKit,Instagram,162,2024-01-25T18:25:47Z
20,Objective-C,chameleon,12468,1363,Objective-C,https://github.com/vicc/chameleon,vicc,38,2021-05-03T07:11:02Z
21,Objective-C,CocoaAsyncSocket,12398,2997,Objective-C,https://github.com/robbiehanson/CocoaAsyncSocket,robbiehanson,2,2023-07-20T18:49:00Z
22,Objective-C,SVProgressHUD,12374,2641,Objective-C,https://github.com/SVProgressHUD/SVProgressHUD,SVProgressHUD,28,2023-12-14T06:56:51Z
23,Objective-C,DZNEmptyDataSet,12113,1759,Objective-C,https://github.com/dzenbot/DZNEmptyDataSet,dzenbot,166,2022-07-06T08:08:53Z
24,Objective-C,iCarousel,11991,2603,Objective-C,https://github.com/nicklockwood/iCarousel,nicklockwood,366,2022-09-06T12:26:52Z
25,Objective-C,keycastr,11569,497,Objective-C,https://github.com/keycastr/keycastr,keycastr,78,2024-02-05T14:32:17Z
26,Objective-C,JSPatch,11357,2324,Objective-C,https://github.com/bang590/JSPatch,bang590,107,2020-12-01T02:18:35Z
27,Objective-C,Mantle,11347,1523,Objective-C,https://github.com/Mantle/Mantle,Mantle,0,2022-10-18T09:40:02Z
28,Objective-C,hammerspoon,11279,571,Objective-C,https://github.com/Hammerspoon/hammerspoon,Hammerspoon,593,2024-02-07T17:13:17Z
29,Objective-C,GitUp,11263,1169,Objective-C,https://github.com/git-up/GitUp,git-up,333,2024-02-09T02:33:19Z
30,Objective-C,JSQMessagesViewController,11167,2855,Objective-C,https://github.com/jessesquires/JSQMessagesViewController,jessesquires,0,2018-12-12T10:45:39Z
31,Objective-C,darling,10886,425,Objective-C,https://github.com/darlinghq/darling,darlinghq,277,2024-02-16T18:05:02Z
32,Objective-C,MagicalRecord,10810,1823,Objective-C,https://github.com/magicalpanda/MagicalRecord,magicalpanda,227,2021-04-27T16:21:19Z
33,Objective-C,FSCalendar,10512,1983,Objective-C,https://github.com/WenchaoD/FSCalendar,WenchaoD,412,2024-01-30T13:12:46Z
34,Objective-C,WeChatTweak-macOS,10312,1335,Objective-C,https://github.com/sunnyyoung/WeChatTweak-macOS,sunnyyoung,74,2023-09-10T06:55:24Z
35,Objective-C,RestKit,10203,2149,Objective-C,https://github.com/RestKit/RestKit,RestKit,343,2022-08-27T03:57:20Z
36,Objective-C,UITableView-FDTemplateLayoutCell,9947,2036,Objective-C,https://github.com/forkingdog/UITableView-FDTemplateLayoutCell,forkingdog,116,2022-03-07T10:01:30Z
37,Objective-C,Alcatraz,9902,1170,Objective-C,https://github.com/alcatraz/Alcatraz,alcatraz,32,2017-09-28T10:13:15Z
38,Objective-C,PNChart,9714,1785,Objective-C,https://github.com/kevinzhow/PNChart,kevinzhow,169,2018-07-02T12:43:03Z
39,Objective-C,SocketRocket,9522,2076,Objective-C,https://github.com/facebookincubator/SocketRocket,facebookincubator,156,2024-02-06T23:03:13Z
40,Objective-C,Shimmer,9357,1137,Objective-C,https://github.com/facebookarchive/Shimmer,facebookarchive,17,2021-02-06T00:01:46Z
41,Objective-C,sequelpro,8990,854,Objective-C,https://github.com/sequelpro/sequelpro,sequelpro,496,2023-02-25T08:11:30Z
42,Objective-C,LuLu,8879,452,Objective-C,https://github.com/objective-see/LuLu,objective-see,374,2024-02-07T00:47:21Z
43,Objective-C,YYText,8840,1638,Objective-C,https://github.com/ibireme/YYText,ibireme,462,2023-11-13T06:47:57Z
44,Objective-C,TTTAttributedLabel,8748,1707,Objective-C,https://github.com/TTTAttributedLabel/TTTAttributedLabel,TTTAttributedLabel,149,2024-01-18T14:13:58Z
45,Objective-C,MWPhotoBrowser,8747,2734,Objective-C,https://github.com/mwaterfall/MWPhotoBrowser,mwaterfall,250,2023-11-19T03:11:12Z
46,Objective-C,BaiduNetdiskPlugin-macOS,8650,1828,Objective-C,https://github.com/CodeTips/BaiduNetdiskPlugin-macOS,CodeTips,0,2020-10-17T13:18:17Z
47,Objective-C,MJExtension,8513,2178,Objective-C,https://github.com/CoderMJLee/MJExtension,CoderMJLee,21,2024-01-13T08:31:55Z
48,Objective-C,Aspects,8387,1330,Objective-C,https://github.com/steipete/Aspects,steipete,76,2020-09-10T12:19:27Z
49,Objective-C,SlackTextViewController,8333,1107,Objective-C,https://github.com/slackhq/SlackTextViewController,slackhq,71,2018-10-29T18:56:03Z
50,Objective-C,VVDocumenter-Xcode,8316,1612,Objective-C,https://github.com/onevcat/VVDocumenter-Xcode,onevcat,60,2017-04-19T06:55:13Z
1,Python,public-apis,279900,31413,Python,https://github.com/public-apis/public-apis,public-apis,3,2024-02-19T22:49:31Z
2,Python,awesome-python,198333,24695,Python,https://github.com/vinta/awesome-python,vinta,0,2024-02-19T14:43:55Z
3,Python,Python,175879,43946,Python,https://github.com/TheAlgorithms/Python,TheAlgorithms,25,2024-02-19T22:00:11Z
4,Python,Python-100-Days,146610,51133,Python,https://github.com/jackfrued/Python-100-Days,jackfrued,519,2024-01-28T22:33:10Z
5,Python,transformers,120383,24159,Python,https://github.com/huggingface/transformers,huggingface,738,2024-02-20T07:45:14Z
6,Python,HelloGitHub,82206,9685,Python,https://github.com/521xueweihan/HelloGitHub,521xueweihan,97,2024-02-17T03:48:01Z
7,Python,langchain,76903,11812,Python,https://github.com/langchain-ai/langchain,langchain-ai,1354,2024-02-20T07:18:03Z
8,Python,models,76418,46188,Python,https://github.com/tensorflow/models,tensorflow,1043,2024-02-19T18:33:04Z
9,Python,django,75660,30988,Python,https://github.com/django/django,django,0,2024-02-20T05:12:08Z
10,Python,pytorch,75529,20882,Python,https://github.com/pytorch/pytorch,pytorch,12602,2024-02-20T07:59:01Z
11,Python,fastapi,68366,5800,Python,https://github.com/tiangolo/fastapi,tiangolo,39,2024-02-19T22:55:58Z
12,Python,flask,65778,16174,Python,https://github.com/pallets/flask,pallets,2,2024-02-12T20:50:46Z
13,Python,awesome-machine-learning,62773,14550,Python,https://github.com/josephmisiti/awesome-machine-learning,josephmisiti,1,2024-02-18T09:31:48Z
14,Python,devops-exercises,61954,13447,Python,https://github.com/bregman-arie/devops-exercises,bregman-arie,21,2024-02-10T10:07:37Z
15,Python,keras,60312,19540,Python,https://github.com/keras-team/keras,keras-team,173,2024-02-20T03:14:11Z
16,Python,cpython,58455,28960,Python,https://github.com/python/cpython,python,6880,2024-02-20T07:58:54Z
17,Python,scikit-learn,57434,25150,Python,https://github.com/scikit-learn/scikit-learn,scikit-learn,1645,2024-02-20T07:59:30Z
18,Python,manim,56418,5651,Python,https://github.com/3b1b/manim,3b1b,387,2024-01-19T23:42:55Z
19,Python,gpt_academic,51800,6749,Python,https://github.com/binary-husky/gpt_academic,binary-husky,178,2024-02-19T10:25:05Z
20,Python,requests,51050,9340,Python,https://github.com/psf/requests,psf,199,2024-02-06T07:26:22Z
21,Python,scrapy,50172,10435,Python,https://github.com/scrapy/scrapy,scrapy,430,2024-02-20T08:01:29Z
22,Python,Real-Time-Voice-Cloning,49988,8528,Python,https://github.com/CorentinJ/Real-Time-Voice-Cloning,CorentinJ,174,2024-01-14T18:39:10Z
23,Python,llama,49933,8653,Python,https://github.com/facebookresearch/llama,facebookresearch,273,2024-02-10T08:41:22Z
24,Python,faceswap,48527,12953,Python,https://github.com/deepfakes/faceswap,deepfakes,15,2024-01-26T03:06:01Z
25,Python,sherlock,47682,6046,Python,https://github.com/sherlock-project/sherlock,sherlock-project,72,2024-02-19T19:05:11Z
26,Python,privateGPT,47679,6402,Python,https://github.com/imartinez/privateGPT,imartinez,92,2024-02-20T07:51:12Z
27,Python,openpilot,46582,8464,Python,https://github.com/commaai/openpilot,commaai,196,2024-02-20T07:06:46Z
28,Python,rich,46424,1722,Python,https://github.com/Textualize/rich,Textualize,168,2024-02-13T00:52:53Z
29,Python,yolov5,45166,15396,Python,https://github.com/ultralytics/yolov5,ultralytics,129,2024-02-17T16:40:25Z
30,Python,DeepFaceLab,44568,10122,Python,https://github.com/iperov/DeepFaceLab,iperov,541,2023-10-24T10:56:48Z
31,Python,hackingtool,41987,4736,Python,https://github.com/Z4nzu/hackingtool,Z4nzu,30,2024-02-18T05:05:21Z
32,Python,CppCoreGuidelines,41071,5487,Python,https://github.com/isocpp/CppCoreGuidelines,isocpp,236,2024-02-15T22:45:54Z
33,Python,open-interpreter,40590,3552,Python,https://github.com/KillianLucas/open-interpreter,KillianLucas,186,2024-02-19T06:25:27Z
34,Python,python-patterns,39062,7023,Python,https://github.com/faif/python-patterns,faif,11,2023-12-18T04:41:53Z
35,Python,ailearning,37468,11416,Python,https://github.com/apachecn/ailearning,apachecn,2,2023-11-30T09:29:30Z
36,Python,Deep-Learning-Papers-Reading-Roadmap,37090,7374,Python,https://github.com/floodsung/Deep-Learning-Papers-Reading-Roadmap,floodsung,49,2022-11-27T13:18:32Z
37,Python,black,36767,2502,Python,https://github.com/psf/black,psf,346,2024-02-20T01:33:18Z
38,Python,PaddleOCR,36520,7116,Python,https://github.com/PaddlePaddle/PaddleOCR,PaddlePaddle,992,2024-02-18T09:40:35Z
39,Python,bert,36449,9536,Python,https://github.com/google-research/bert,google-research,782,2023-10-24T05:28:17Z
40,Python,ColossalAI,36399,4179,Python,https://github.com/hpcaitech/ColossalAI,hpcaitech,337,2024-02-20T07:40:19Z
41,Python,sentry,36323,4102,Python,https://github.com/getsentry/sentry,getsentry,1942,2024-02-20T06:29:40Z
42,Python,Open-Assistant,36317,3301,Python,https://github.com/LAION-AI/Open-Assistant,LAION-AI,221,2024-01-25T15:38:10Z
43,Python,interview_internal_reference,35841,9464,Python,https://github.com/0voice/interview_internal_reference,0voice,27,2023-05-17T07:20:27Z
44,Python,python-cheatsheet,35023,6392,Python,https://github.com/gto76/python-cheatsheet,gto76,5,2024-02-19T13:30:58Z
45,Python,wtfpython,34864,2730,Python,https://github.com/satwikkansal/wtfpython,satwikkansal,64,2024-01-30T18:33:54Z
46,Python,DragGAN,34456,3995,Python,https://github.com/XingangPan/DragGAN,XingangPan,135,2024-01-02T04:17:17Z
47,Python,TaskMatrix,34448,3408,Python,https://github.com/moymix/TaskMatrix,moymix,211,2024-01-06T02:41:20Z
48,Python,MetaGPT,34375,4092,Python,https://github.com/geekan/MetaGPT,geekan,190,2024-02-20T07:59:05Z
49,Python,GFPGAN,34026,5749,Python,https://github.com/TencentARC/GFPGAN,TencentARC,308,2024-01-24T06:18:02Z
50,Python,mitmproxy,33644,3972,Python,https://github.com/mitmproxy/mitmproxy,mitmproxy,292,2024-02-19T19:05:20Z
1,PHP,laravel,76074,24297,PHP,https://github.com/laravel/laravel,laravel,0,2024-02-19T13:36:37Z
2,PHP,SecLists,52221,23597,PHP,https://github.com/danielmiessler/SecLists,danielmiessler,19,2024-02-20T00:18:31Z
3,PHP,framework,31013,10606,PHP,https://github.com/laravel/framework,laravel,7,2024-02-20T00:16:21Z
4,PHP,jQuery-File-Upload,31002,8154,PHP,https://github.com/blueimp/jQuery-File-Upload,blueimp,49,2023-05-25T09:11:07Z
5,PHP,symfony,29111,9498,PHP,https://github.com/symfony/symfony,symfony,546,2024-02-20T08:02:25Z
6,PHP,composer,28113,6877,PHP,https://github.com/composer/composer,composer,129,2024-02-18T01:01:30Z
7,PHP,Faker,26778,3633,PHP,https://github.com/fzaninotto/Faker,fzaninotto,76,2023-09-05T11:41:32Z
8,PHP,server,25065,3884,PHP,https://github.com/nextcloud/server,nextcloud,2231,2024-02-20T07:57:32Z
9,PHP,guzzle,22906,2470,PHP,https://github.com/guzzle/guzzle,guzzle,21,2023-12-21T17:50:25Z
10,PHP,DesignPatternsPHP,21622,4624,PHP,https://github.com/DesignPatternsPHP/DesignPatternsPHP,DesignPatternsPHP,4,2023-09-28T07:03:58Z
11,PHP,monolog,20713,1900,PHP,https://github.com/Seldaek/monolog,Seldaek,32,2024-01-31T07:54:10Z
12,PHP,monica,20392,2084,PHP,https://github.com/monicahq/monica,monicahq,648,2024-02-19T02:37:43Z
13,PHP,PHPMailer,20336,9864,PHP,https://github.com/PHPMailer/PHPMailer,PHPMailer,40,2024-02-19T01:59:53Z
14,PHP,phpunit,19518,2246,PHP,https://github.com/sebastianbergmann/phpunit,sebastianbergmann,102,2024-02-19T13:55:22Z
15,PHP,matomo,18769,2615,PHP,https://github.com/matomo-org/matomo,matomo-org,2264,2024-02-19T23:23:08Z
16,PHP,WordPress,18515,12601,PHP,https://github.com/WordPress/WordPress,WordPress,0,2024-02-20T07:30:04Z
17,PHP,CodeIgniter,18259,7770,PHP,https://github.com/bcit-ci/CodeIgniter,bcit-ci,50,2024-02-14T10:05:43Z
18,PHP,howto-make-more-money,16508,1704,PHP,https://github.com/easychen/howto-make-more-money,easychen,0,2023-01-01T03:55:04Z
19,PHP,PHP-Parser,16488,979,PHP,https://github.com/nikic/PHP-Parser,nikic,33,2024-01-14T09:02:54Z
20,PHP,Carbon,16399,1341,PHP,https://github.com/briannesbitt/Carbon,briannesbitt,9,2024-02-17T14:34:00Z
21,PHP,laravel-debugbar,15943,1585,PHP,https://github.com/barryvdh/laravel-debugbar,barryvdh,45,2024-02-19T22:30:59Z
22,PHP,koel,15324,1936,PHP,https://github.com/koel/koel,koel,37,2024-02-09T15:46:04Z
23,PHP,flarum,14707,1553,PHP,https://github.com/flarum/flarum,flarum,0,2024-01-02T15:20:50Z
24,PHP,parsedown,14578,1153,PHP,https://github.com/erusev/parsedown,erusev,104,2024-02-11T09:36:09Z
25,PHP,grav,14209,1408,PHP,https://github.com/getgrav/grav,getgrav,395,2024-02-13T19:47:25Z
26,PHP,yii2,14175,7025,PHP,https://github.com/yiisoft/yii2,yiisoft,480,2024-02-16T22:11:57Z
27,PHP,laravel-ide-helper,13749,1164,PHP,https://github.com/barryvdh/laravel-ide-helper,barryvdh,107,2024-02-19T19:52:29Z
28,PHP,image,13607,1548,PHP,https://github.com/Intervention/image,Intervention,41,2024-02-17T07:26:46Z
29,PHP,cachet,13594,1574,PHP,https://github.com/cachethq/cachet,cachethq,4,2024-02-13T17:25:39Z
30,PHP,firefly-iii,13477,1285,PHP,https://github.com/firefly-iii/firefly-iii,firefly-iii,119,2024-02-19T04:57:08Z
31,PHP,BookStack,13407,1725,PHP,https://github.com/BookStackApp/BookStack,BookStackApp,454,2024-02-19T22:51:39Z
32,PHP,flysystem,13134,828,PHP,https://github.com/thephpleague/flysystem,thephpleague,55,2024-02-19T09:05:00Z
33,PHP,whoops,13101,664,PHP,https://github.com/filp/whoops,filp,4,2023-11-16T05:19:40Z
34,PHP,phpdotenv,12862,672,PHP,https://github.com/vlucas/phpdotenv,vlucas,4,2023-11-12T22:52:06Z
35,PHP,PhpSpreadsheet,12814,3361,PHP,https://github.com/PHPOffice/PhpSpreadsheet,PHPOffice,157,2024-02-17T23:15:08Z
36,PHP,filament,12717,2076,PHP,https://github.com/filamentphp/filament,filamentphp,71,2024-02-19T20:54:54Z
37,PHP,sage,12448,3079,PHP,https://github.com/roots/sage,roots,1,2024-02-06T14:50:28Z
38,PHP,phpstan,12432,933,PHP,https://github.com/phpstan/phpstan,phpstan,989,2024-02-20T00:12:45Z
39,PHP,PHP-CS-Fixer,12396,1605,PHP,https://github.com/PHP-CS-Fixer/PHP-CS-Fixer,PHP-CS-Fixer,128,2024-02-19T17:22:30Z
40,PHP,phabricator,12322,1695,PHP,https://github.com/phacility/phabricator,phacility,0,2023-11-13T19:04:08Z
41,PHP,uuid,12273,556,PHP,https://github.com/ramsey/uuid,ramsey,19,2024-02-19T21:20:40Z
42,PHP,clean-code-php,11976,2286,PHP,https://github.com/piotrplenik/clean-code-php,piotrplenik,23,2023-12-26T17:18:04Z
43,PHP,Laravel-Excel,11930,1903,PHP,https://github.com/SpartnerNL/Laravel-Excel,SpartnerNL,3,2024-02-19T11:04:40Z
44,PHP,Slim,11780,1962,PHP,https://github.com/slimphp/Slim,slimphp,17,2024-01-01T20:50:55Z
45,PHP,laravel-permission,11711,1755,PHP,https://github.com/spatie/laravel-permission,spatie,11,2024-02-19T12:27:05Z
46,PHP,voyager,11644,2694,PHP,https://github.com/thedevdojo/voyager,thedevdojo,305,2024-02-18T07:10:26Z
47,PHP,PHPExcel,11458,4294,PHP,https://github.com/PHPOffice/PHPExcel,PHPOffice,562,2019-01-02T01:38:48Z
48,PHP,labs,11419,5412,PHP,https://github.com/docker/labs,docker,55,2023-07-27T10:31:38Z
49,PHP,EmailValidator,11286,235,PHP,https://github.com/egulias/EmailValidator,egulias,21,2023-10-22T21:56:40Z
50,PHP,magento2,11170,9353,PHP,https://github.com/magento/magento2,magento,1668,2024-02-19T15:01:32Z
1,R,ggplot2,6236,2029,R,https://github.com/tidyverse/ggplot2,tidyverse,197,2024-02-18T20:25:15Z
2,R,awesome-R,5711,1511,R,https://github.com/qinwf/awesome-R,qinwf,3,2024-02-09T09:36:10Z
3,R,FriendsDontLetFriends,5404,175,R,https://github.com/cxli233/FriendsDontLetFriends,cxli233,1,2024-02-17T03:55:46Z
4,R,shiny,5192,1816,R,https://github.com/rstudio/shiny,rstudio,759,2024-02-14T22:13:27Z
5,R,dplyr,4616,2129,R,https://github.com/tidyverse/dplyr,tidyverse,53,2024-02-13T22:15:06Z
6,R,r4ds,4283,4093,R,https://github.com/hadley/r4ds,hadley,23,2024-02-02T00:41:07Z
7,R,swirl_courses,4182,7249,R,https://github.com/swirldev/swirl_courses,swirldev,135,2024-01-10T17:38:19Z
8,R,stat_rethinking_2022,4104,441,R,https://github.com/rmcelreath/stat_rethinking_2022,rmcelreath,11,2022-03-15T15:07:26Z
9,R,ML_for_Hackers,3651,2242,R,https://github.com/johnmyleswhite/ML_for_Hackers,johnmyleswhite,23,2019-05-26T16:52:29Z
10,R,AnomalyDetection,3529,782,R,https://github.com/twitter/AnomalyDetection,twitter,62,2019-08-30T19:49:16Z
11,R,data.table,3449,977,R,https://github.com/Rdatatable/data.table,Rdatatable,1009,2024-02-20T07:51:56Z
12,R,awesome-network-analysis,3300,604,R,https://github.com/briatte/awesome-network-analysis,briatte,9,2024-02-10T20:46:15Z
13,R,rmarkdown,2768,978,R,https://github.com/rstudio/rmarkdown,rstudio,233,2024-01-18T09:23:59Z
14,R,plotly.R,2470,629,R,https://github.com/plotly/plotly.R,plotly,643,2024-02-05T18:07:25Z
15,R,patchwork,2349,158,R,https://github.com/thomasp85/patchwork,thomasp85,30,2024-02-12T09:54:56Z
16,R,devtools,2340,757,R,https://github.com/r-lib/devtools,r-lib,25,2024-02-16T22:54:23Z
17,R,knitr,2330,877,R,https://github.com/yihui/knitr,yihui,117,2024-02-13T05:36:58Z
18,R,stat_rethinking_2023,2084,241,R,https://github.com/rmcelreath/stat_rethinking_2023,rmcelreath,12,2023-11-28T12:15:06Z
19,R,seurat,2046,876,R,https://github.com/satijalab/seurat,satijalab,330,2024-02-16T00:12:54Z
20,R,rethinking,2043,587,R,https://github.com/rmcelreath/rethinking,rmcelreath,195,2024-02-03T15:47:10Z
21,R,rayshader,1980,212,R,https://github.com/tylermorganwall/rayshader,tylermorganwall,23,2024-02-20T06:12:09Z
22,R,DataScienceR,1958,889,R,https://github.com/ujjwalkarn/DataScienceR,ujjwalkarn,1,2023-03-10T11:06:16Z
23,R,nyc-taxi-data,1955,574,R,https://github.com/toddwschneider/nyc-taxi-data,toddwschneider,0,2023-02-10T12:10:47Z
24,R,labs,1919,1930,R,https://github.com/genomicsclass/labs,genomicsclass,17,2024-02-12T12:55:39Z
25,R,gganimate,1917,310,R,https://github.com/thomasp85/gganimate,thomasp85,63,2024-02-19T14:14:12Z
26,R,ggstatsplot,1876,182,R,https://github.com/IndrajeetPatil/ggstatsplot,IndrajeetPatil,61,2024-02-12T21:58:18Z
27,R,benchm-ml,1863,339,R,https://github.com/szilard/benchm-ml,szilard,10,2022-09-16T14:01:14Z
28,R,gt,1844,198,R,https://github.com/rstudio/gt,rstudio,295,2024-02-19T22:26:25Z
29,R,wesanderson,1830,140,R,https://github.com/karthik/wesanderson,karthik,11,2023-10-31T16:22:04Z
30,R,investing,1737,113,R,https://github.com/zonination/investing,zonination,0,2016-12-27T13:58:02Z
31,R,esquisse,1718,221,R,https://github.com/dreamRs/esquisse,dreamRs,63,2024-01-10T15:19:55Z
32,R,blogdown,1690,341,R,https://github.com/rstudio/blogdown,rstudio,22,2024-02-01T16:44:27Z
33,R,DiagrammeR,1668,248,R,https://github.com/rich-iannone/DiagrammeR,rich-iannone,160,2024-02-03T18:48:52Z
34,R,CausalImpact,1635,259,R,https://github.com/google/CausalImpact,google,25,2023-07-17T18:19:58Z
35,R,mlr,1623,406,R,https://github.com/mlr-org/mlr,mlr-org,8,2024-02-05T17:10:43Z
36,R,stats337,1617,232,R,https://github.com/hadley/stats337,hadley,5,2018-06-21T15:57:29Z
37,R,reticulate,1602,367,R,https://github.com/rstudio/reticulate,rstudio,411,2024-02-19T14:43:48Z
38,R,caret,1578,635,R,https://github.com/topepo/caret,topepo,168,2023-10-02T22:36:47Z
39,R,tidyverse,1570,280,R,https://github.com/tidyverse/tidyverse,tidyverse,2,2023-12-12T13:45:13Z
40,R,bbplot,1511,257,R,https://github.com/bbc/bbplot,bbc,12,2021-07-02T16:44:39Z
41,R,tofsims,1496,6,R,https://github.com/fossasia/tofsims,fossasia,0,2017-11-29T19:16:12Z
42,R,rvest,1451,341,R,https://github.com/tidyverse/rvest,tidyverse,18,2024-02-12T22:04:38Z
43,R,geocompr,1449,582,R,https://github.com/geocompx/geocompr,geocompx,6,2024-02-18T16:32:18Z
44,R,broom,1398,295,R,https://github.com/tidymodels/broom,tidymodels,5,2023-12-15T15:55:10Z
45,R,r-color-palettes,1383,135,R,https://github.com/EmilHvitfeldt/r-color-palettes,EmilHvitfeldt,24,2024-01-27T06:33:50Z
46,R,plumber,1353,254,R,https://github.com/rstudio/plumber,rstudio,130,2024-01-24T08:57:44Z
47,R,drake,1328,131,R,https://github.com/ropensci/drake,ropensci,0,2023-11-06T14:25:50Z
48,R,janitor,1325,135,R,https://github.com/sfirke/janitor,sfirke,30,2024-02-02T22:46:31Z
49,R,tidyr,1317,412,R,https://github.com/tidyverse/tidyr,tidyverse,47,2024-02-05T20:31:02Z
50,R,tensorflow,1312,325,R,https://github.com/rstudio/tensorflow,rstudio,36,2024-02-01T13:42:57Z
1,Swift,awesome-ios,45198,6922,Swift,https://github.com/vsouza/awesome-ios,vsouza,1,2024-02-09T23:38:04Z
2,Swift,Alamofire,40358,7633,Swift,https://github.com/Alamofire/Alamofire,Alamofire,35,2024-02-16T09:40:31Z
3,Swift,iina,35745,2548,Swift,https://github.com/iina/iina,iina,1637,2024-02-17T08:38:10Z
4,Swift,ShadowsocksX-NG,32075,8054,Swift,https://github.com/shadowsocks/ShadowsocksX-NG,shadowsocks,302,2023-03-29T02:14:51Z
5,Swift,swift-algorithm-club,28344,5066,Swift,https://github.com/kodecocodes/swift-algorithm-club,kodecocodes,31,2023-10-14T21:09:54Z
6,Swift,Charts,27236,6043,Swift,https://github.com/danielgindi/Charts,danielgindi,841,2024-02-17T07:45:02Z
7,Swift,MonitorControl,25300,773,Swift,https://github.com/MonitorControl/MonitorControl,MonitorControl,25,2024-02-15T06:05:31Z
8,Swift,lottie-ios,24794,3697,Swift,https://github.com/airbnb/lottie-ios,airbnb,12,2024-02-14T23:48:10Z
9,Swift,RxSwift,24075,4294,Swift,https://github.com/ReactiveX/RxSwift,ReactiveX,31,2024-02-01T05:28:57Z
10,Swift,Rectangle,23791,724,Swift,https://github.com/rxhanson/Rectangle,rxhanson,107,2024-02-20T06:32:13Z
11,Swift,vapor,23617,1456,Swift,https://github.com/vapor/vapor,vapor,82,2024-02-16T08:44:57Z
12,Swift,UTM,23359,1224,Swift,https://github.com/utmapp/UTM,utmapp,706,2024-02-14T20:15:39Z
13,Swift,SwiftyJSON,22331,3474,Swift,https://github.com/SwiftyJSON/SwiftyJSON,SwiftyJSON,115,2024-01-17T19:13:04Z
14,Swift,Kingfisher,22027,2508,Swift,https://github.com/onevcat/Kingfisher,onevcat,126,2024-02-19T09:12:20Z
15,Swift,Hero,21738,1748,Swift,https://github.com/HeroTransitions/Hero,HeroTransitions,39,2024-02-06T02:04:31Z
16,Swift,Aerial,20713,1075,Swift,https://github.com/JohnCoates/Aerial,JohnCoates,62,2024-02-06T13:33:34Z
17,Swift,stats,20590,697,Swift,https://github.com/exelban/stats,exelban,15,2024-02-19T21:15:41Z
18,Swift,ReactiveCocoa,19953,3598,Swift,https://github.com/ReactiveCocoa/ReactiveCocoa,ReactiveCocoa,3,2024-02-03T18:21:22Z
19,Swift,CodeEdit,19763,1092,Swift,https://github.com/CodeEditApp/CodeEdit,CodeEditApp,163,2024-02-16T14:30:51Z
20,Swift,SnapKit,19709,1996,Swift,https://github.com/SnapKit/SnapKit,SnapKit,29,2024-02-18T08:24:52Z
21,Swift,SwiftLint,18156,2205,Swift,https://github.com/realm/SwiftLint,realm,346,2024-02-20T07:45:32Z
22,Swift,IQKeyboardManager,16280,2404,Swift,https://github.com/hackiftekhar/IQKeyboardManager,hackiftekhar,7,2024-02-05T15:32:38Z
23,Swift,SwiftGuide,15948,3616,Swift,https://github.com/ipader/SwiftGuide,ipader,0,2023-04-05T09:09:08Z
24,Swift,OpenEmu,15610,1310,Swift,https://github.com/OpenEmu/OpenEmu,OpenEmu,296,2024-02-16T09:02:45Z
25,Swift,Moya,14901,1969,Swift,https://github.com/Moya/Moya,Moya,148,2024-02-02T15:50:39Z
26,Swift,Carthage,14891,1636,Swift,https://github.com/Carthage/Carthage,Carthage,179,2024-02-03T21:09:39Z
27,Swift,Design-Patterns-In-Swift,14887,1753,Swift,https://github.com/ochococo/Design-Patterns-In-Swift,ochococo,4,2024-01-18T14:06:35Z
28,Swift,PromiseKit,14163,1487,Swift,https://github.com/mxcl/PromiseKit,mxcl,14,2024-02-18T18:25:57Z
29,Swift,Spring,14064,1869,Swift,https://github.com/MengTo/Spring,MengTo,131,2023-07-03T14:28:34Z
30,Swift,Amethyst,13855,484,Swift,https://github.com/ianyh/Amethyst,ianyh,328,2024-02-20T02:34:44Z
31,Swift,Perfect,13837,970,Swift,https://github.com/PerfectlySoft/Perfect,PerfectlySoft,54,2024-02-03T15:38:39Z
32,Swift,SwifterSwift,13516,1628,Swift,https://github.com/SwifterSwift/SwifterSwift,SwifterSwift,14,2024-02-10T01:20:46Z
33,Swift,Mos,13260,492,Swift,https://github.com/Caldis/Mos,Caldis,237,2023-07-21T23:04:39Z
34,Swift,SkeletonView,12356,1086,Swift,https://github.com/Juanpe/SkeletonView,Juanpe,60,2024-01-15T09:41:52Z
35,Swift,Material,11972,1286,Swift,https://github.com/CosmicMind/Material,CosmicMind,31,2022-05-16T17:39:01Z
36,Swift,firefox-ios,11848,2892,Swift,https://github.com/mozilla-mobile/firefox-ios,mozilla-mobile,1130,2024-02-20T07:58:13Z
37,Swift,Eureka,11728,1343,Swift,https://github.com/xmartlabs/Eureka,xmartlabs,159,2023-12-07T19:09:03Z
38,Swift,30DaysofSwift,11475,2078,Swift,https://github.com/allenwong/30DaysofSwift,allenwong,7,2022-05-21T17:40:30Z
39,Swift,animated-tab-bar,11112,1347,Swift,https://github.com/Ramotion/animated-tab-bar,Ramotion,9,2022-01-26T02:40:50Z
40,Swift,swift-composable-architecture,10824,1224,Swift,https://github.com/pointfreeco/swift-composable-architecture,pointfreeco,3,2024-02-20T00:32:30Z
41,Swift,NVActivityIndicatorView,10527,1152,Swift,https://github.com/ninjaprox/NVActivityIndicatorView,ninjaprox,15,2023-02-28T13:51:00Z
42,Swift,AltStore,10389,810,Swift,https://github.com/altstoreio/AltStore,altstoreio,397,2024-02-16T01:36:29Z
43,Swift,mas,10365,271,Swift,https://github.com/mas-cli/mas,mas-cli,81,2024-02-19T06:31:08Z
44,Swift,Signal-iOS,10356,2934,Swift,https://github.com/signalapp/Signal-iOS,signalapp,93,2024-02-20T06:32:13Z
45,Swift,AudioKit,10281,1552,Swift,https://github.com/AudioKit/AudioKit,AudioKit,22,2024-02-03T14:12:01Z
46,Swift,folding-cell,10211,1170,Swift,https://github.com/Ramotion/folding-cell,Ramotion,8,2022-03-28T12:16:52Z
47,Swift,pock,10065,380,Swift,https://github.com/pock/pock,pock,57,2022-11-12T18:15:22Z
48,Swift,CryptoSwift,9927,2337,Swift,https://github.com/krzyzanowskim/CryptoSwift,krzyzanowskim,0,2024-01-19T03:40:30Z
49,Swift,Maccy,9854,438,Swift,https://github.com/p0deje/Maccy,p0deje,23,2024-02-15T22:35:56Z
50,Swift,hidden,9770,278,Swift,https://github.com/dwarvesf/hidden,dwarvesf,96,2023-08-15T15:05:34Z
1,TypeScript,freeCodeCamp,383794,35927,TypeScript,https://github.com/freeCodeCamp/freeCodeCamp,freeCodeCamp,286,2024-02-20T06:41:37Z
2,TypeScript,developer-roadmap,266634,36638,TypeScript,https://github.com/kamranahmedse/developer-roadmap,kamranahmedse,701,2024-02-19T23:34:46Z
3,TypeScript,vue,206383,34680,TypeScript,https://github.com/vuejs/vue,vuejs,356,2024-02-08T23:25:30Z
4,TypeScript,vscode,156306,28329,TypeScript,https://github.com/microsoft/vscode,microsoft,7312,2024-02-20T07:03:31Z
5,TypeScript,tech-interview-handbook,107088,13743,TypeScript,https://github.com/yangshun/tech-interview-handbook,yangshun,28,2024-02-18T00:02:27Z
6,TypeScript,TypeScript,96805,12529,TypeScript,https://github.com/microsoft/TypeScript,microsoft,5776,2024-02-20T06:15:06Z
7,TypeScript,angular,93631,25220,TypeScript,https://github.com/angular/angular,angular,1415,2024-02-20T06:05:55Z
8,TypeScript,material-ui,90809,31404,TypeScript,https://github.com/mui/material-ui,mui,1637,2024-02-20T08:02:31Z
9,TypeScript,ant-design,89390,44625,TypeScript,https://github.com/ant-design/ant-design,ant-design,956,2024-02-20T07:21:40Z
10,TypeScript,puppeteer,86157,9237,TypeScript,https://github.com/puppeteer/puppeteer,puppeteer,296,2024-02-20T07:24:56Z
11,TypeScript,storybook,82036,9100,TypeScript,https://github.com/storybookjs/storybook,storybookjs,1707,2024-02-20T07:40:27Z
12,TypeScript,realworld,77714,7242,TypeScript,https://github.com/gothinkster/realworld,gothinkster,54,2024-02-05T09:29:49Z
13,TypeScript,excalidraw,68363,6067,TypeScript,https://github.com/excalidraw/excalidraw,excalidraw,1230,2024-02-20T06:58:41Z
14,TypeScript,code-server,64252,5415,TypeScript,https://github.com/coder/code-server,coder,314,2024-02-16T16:18:39Z
15,TypeScript,vite,63342,5713,TypeScript,https://github.com/vitejs/vite,vitejs,391,2024-02-20T07:46:39Z
16,TypeScript,supabase,63108,5913,TypeScript,https://github.com/supabase/supabase,supabase,144,2024-02-20T07:35:59Z
17,TypeScript,nest,62986,7358,TypeScript,https://github.com/nestjs/nest,nestjs,45,2024-02-20T07:54:01Z
18,TypeScript,ChatGPT-Next-Web,61095,52399,TypeScript,https://github.com/ChatGPTNextWeb/ChatGPT-Next-Web,ChatGPTNextWeb,135,2024-02-20T04:37:03Z
19,TypeScript,redux,60280,15489,TypeScript,https://github.com/reduxjs/redux,reduxjs,39,2024-02-15T06:47:50Z
20,TypeScript,socket.io,59817,10258,TypeScript,https://github.com/socketio/socket.io,socketio,95,2024-02-19T21:01:30Z
21,TypeScript,playwright,59498,3350,TypeScript,https://github.com/microsoft/playwright,microsoft,701,2024-02-19T22:06:01Z
22,TypeScript,grafana,59305,11635,TypeScript,https://github.com/grafana/grafana,grafana,4340,2024-02-20T08:05:09Z
23,TypeScript,hoppscotch,58921,4127,TypeScript,https://github.com/hoppscotch/hoppscotch,hoppscotch,276,2024-02-19T18:12:47Z
24,TypeScript,strapi,58897,7461,TypeScript,https://github.com/strapi/strapi,strapi,490,2024-02-20T08:01:25Z
25,TypeScript,echarts,57990,19691,TypeScript,https://github.com/apache/echarts,apache,2196,2024-02-18T08:36:53Z
26,TypeScript,superset,56676,12320,TypeScript,https://github.com/apache/superset,apache,928,2024-02-20T02:08:00Z
27,TypeScript,tabby,53889,3222,TypeScript,https://github.com/Eugeny/tabby,Eugeny,1712,2024-02-19T23:02:48Z
28,TypeScript,react-router,51638,10231,TypeScript,https://github.com/remix-run/react-router,remix-run,44,2024-02-18T21:09:27Z
29,TypeScript,docusaurus,51393,7909,TypeScript,https://github.com/facebook/docusaurus,facebook,263,2024-02-20T00:02:23Z
30,TypeScript,nuxt,50534,4784,TypeScript,https://github.com/nuxt/nuxt,nuxt,902,2024-02-20T04:24:47Z
31,TypeScript,ionic-framework,50178,13753,TypeScript,https://github.com/ionic-team/ionic-framework,ionic-team,360,2024-02-17T02:22:08Z
32,TypeScript,ui,49057,2536,TypeScript,https://github.com/shadcn-ui/ui,shadcn-ui,742,2024-02-20T07:15:01Z
33,TypeScript,DefinitelyTyped,46607,29900,TypeScript,https://github.com/DefinitelyTyped/DefinitelyTyped,DefinitelyTyped,538,2024-02-20T05:09:13Z
34,TypeScript,core,43337,7827,TypeScript,https://github.com/vuejs/core,vuejs,687,2024-02-20T07:52:35Z
35,TypeScript,jest,43335,6610,TypeScript,https://github.com/jestjs/jest,jestjs,326,2024-02-20T08:01:58Z
36,TypeScript,babel,42784,5891,TypeScript,https://github.com/babel/babel,babel,627,2024-02-19T23:16:56Z
37,TypeScript,hyper,42344,3601,TypeScript,https://github.com/vercel/hyper,vercel,871,2024-02-20T07:13:48Z
38,TypeScript,pixijs,41953,4898,TypeScript,https://github.com/pixijs/pixijs,pixijs,226,2024-02-19T16:45:17Z
39,TypeScript,joplin,40806,4391,TypeScript,https://github.com/laurent22/joplin,laurent22,350,2024-02-20T00:56:08Z
40,TypeScript,nocodb,40764,2736,TypeScript,https://github.com/nocodb/nocodb,nocodb,459,2024-02-20T07:16:28Z
41,TypeScript,zustand,40319,1272,TypeScript,https://github.com/pmndrs/zustand,pmndrs,2,2024-02-17T02:14:50Z
42,TypeScript,astro,40018,2123,TypeScript,https://github.com/withastro/astro,withastro,115,2024-02-20T07:21:07Z
43,TypeScript,styled-components,39914,2557,TypeScript,https://github.com/styled-components/styled-components,styled-components,215,2024-01-16T15:34:27Z
44,TypeScript,react-use,39692,3131,TypeScript,https://github.com/streamich/react-use,streamich,323,2024-02-19T16:56:43Z
45,TypeScript,appwrite,39394,3638,TypeScript,https://github.com/appwrite/appwrite,appwrite,601,2024-02-20T08:00:11Z
46,TypeScript,type-challenges,39057,4221,TypeScript,https://github.com/type-challenges/type-challenges,type-challenges,28226,2024-02-14T10:40:44Z
47,TypeScript,react-hook-form,38806,1967,TypeScript,https://github.com/react-hook-form/react-hook-form,react-hook-form,5,2024-02-18T09:43:08Z
48,TypeScript,n8n,38805,4650,TypeScript,https://github.com/n8n-io/n8n,n8n-io,156,2024-02-20T07:44:21Z
49,TypeScript,vuetify,38741,7003,TypeScript,https://github.com/vuetifyjs/vuetify,vuetifyjs,728,2024-02-20T04:02:31Z
50,TypeScript,query,38575,2581,TypeScript,https://github.com/TanStack/query,TanStack,26,2024-02-19T20:49:31Z
