platform,username,repo_name,codecov_used,coverall_used,language
github,OpenXRay,xray-16,FALSE,TRUE,C++
github,uncrustify,uncrustify,FALSE,TRUE,C++
github,mbasso,asm-dom,FALSE,TRUE,C++
github,nextcloud,desktop,TRUE,FALSE,C++
github,newsboat,newsboat,FALSE,TRUE,C++
github,baidu,openrasp,TRUE,FALSE,C++
github,oceanbase,miniob,TRUE,FALSE,C++
github,andreasfertig,cppinsights,TRUE,FALSE,C++
github,CrowCpp,Crow,TRUE,TRUE,C++
github,trustwallet,wallet-core,TRUE,FALSE,C++
github,mapbox,tippecanoe,TRUE,TRUE,C++
github,protobuf-c,protobuf-c,FALSE,TRUE,C++
github,seladb,PcapPlusPlus,TRUE,FALSE,C++
github,klee,klee,TRUE,FALSE,C++
github,arximboldi,immer,TRUE,FALSE,C++
github,jarulraj,sqlcheck,FALSE,TRUE,C++
github,root-project,root,TRUE,FALSE,C++
github,STEllAR-GROUP,hpx,FALSE,TRUE,C++
github,randombit,botan,TRUE,TRUE,C++
github,Leonidas-from-XIV,node-xml2js,FALSE,TRUE,CoffeeScript
github,danielgtaylor,aglio,FALSE,TRUE,CoffeeScript
github,sorich87,bootstrap-tour,FALSE,TRUE,CoffeeScript
github,slackapi,hubot-slack,TRUE,TRUE,CoffeeScript
github,node-cache,node-cache,FALSE,TRUE,CoffeeScript
github,hiddentao,squel,TRUE,TRUE,CoffeeScript
github,boennemann,badges,FALSE,TRUE,CoffeeScript
github,jonataslaw,getx,TRUE,FALSE,Dart
github,GopeedLab,gopeed,TRUE,FALSE,Dart
github,brianegan,flutter_architecture_samples,TRUE,TRUE,Dart
github,alibaba,fish-redux,TRUE,FALSE,Dart
github,alibaba,flutter_boost,TRUE,FALSE,Dart
github,imaNNeo,fl_chart,TRUE,FALSE,Dart
github,rrousselGit,riverpod,TRUE,FALSE,Dart
github,rrousselGit,provider,TRUE,FALSE,Dart
github,leoafarias,fvm,TRUE,FALSE,Dart
github,isar,hive,TRUE,FALSE,Dart
github,lukepighetti,fluro,TRUE,FALSE,Dart
github,roughike,inKino,FALSE,TRUE,Dart
github,best-flutter,flutter_swiper,FALSE,TRUE,Dart
github,fzyzcjy,flutter_rust_bridge,TRUE,FALSE,Dart
github,ReactiveX,rxdart,TRUE,FALSE,Dart
github,isar,isar,TRUE,FALSE,Dart
github,zino-hofmann,graphql-flutter,TRUE,FALSE,Dart
github,rrousselGit,flutter_hooks,TRUE,FALSE,Dart
github,jogboms,flutter_spinkit,TRUE,FALSE,Dart
github,tekartik,sqflite,TRUE,FALSE,Dart
github,fleaflet,flutter_map,TRUE,FALSE,Dart
github,stablekernel,aqueduct,TRUE,FALSE,Dart
github,Baseflow,flutter_cached_network_image,TRUE,FALSE,Dart
github,mobxjs,mobx.dart,TRUE,TRUE,Dart
github,simolus3,drift,TRUE,FALSE,Dart
github,memspace,zefyr,TRUE,FALSE,Dart
github,authpass,authpass,TRUE,TRUE,Dart
github,simc,auto_size_text,TRUE,FALSE,Dart
github,Baseflow,flutter-permission-handler,TRUE,FALSE,Dart
github,olmps,memo,TRUE,FALSE,Dart
github,rrousselGit,freezed,TRUE,FALSE,Dart
github,Sub6Resources,flutter_html,TRUE,FALSE,Dart
github,macosui,macos_ui,TRUE,FALSE,Dart
github,brianegan,flutter_redux,TRUE,FALSE,Dart
github,dnfield,flutter_svg,FALSE,TRUE,Dart
github,aagarwal1012,Animated-Text-Kit,TRUE,FALSE,Dart
github,saber-notes,saber,TRUE,FALSE,Dart
github,wasabeef,flutter-architecture-blueprints,TRUE,FALSE,Dart
github,atsign-foundation,at_client_sdk,TRUE,FALSE,Dart
github,flutter-form-builder-ecosystem,flutter_form_builder,TRUE,FALSE,Dart
github,shorebirdtech,shorebird,TRUE,FALSE,Dart
github,fluttercommunity,plus_plugins,TRUE,FALSE,Dart
github,FlutterGen,flutter_gen,TRUE,FALSE,Dart
github,aws-amplify,amplify-flutter,TRUE,FALSE,Dart
github,DavBfr,dart_pdf,TRUE,FALSE,Dart
github,Flutterando,modular,TRUE,TRUE,Dart
github,aagarwal1012,Liquid-Pull-To-Refresh,TRUE,FALSE,Dart
github,Baseflow,flutter-geolocator,TRUE,FALSE,Dart
github,iamSahdeep,liquid_swipe_flutter,TRUE,FALSE,Dart
github,xvrh,lottie-flutter,TRUE,FALSE,Dart
github,Lyokone,flutterlocation,TRUE,FALSE,Dart
github,simc,dartx,TRUE,FALSE,Dart
github,google,go-github,TRUE,FALSE,Go
github,ory,kratos,TRUE,TRUE,Go
github,shirou,gopsutil,TRUE,TRUE,Go
github,gotify,server,TRUE,FALSE,Go
github,moonD4rk,HackBrowserData,FALSE,TRUE,Go
github,graphql-go,graphql,FALSE,TRUE,Go
github,dtm-labs,dtm,TRUE,FALSE,Go
github,kubescape,kubescape,FALSE,TRUE,Go
github,blevesearch,bleve,FALSE,TRUE,Go
github,99designs,gqlgen,FALSE,TRUE,Go
github,sourcegraph,sourcegraph,TRUE,FALSE,Go
github,swaggo,swag,TRUE,FALSE,Go
github,bytebase,bytebase,TRUE,FALSE,Go
github,juicedata,juicefs,TRUE,FALSE,Go
github,google,go-cloud,TRUE,FALSE,Go
github,temporalio,temporal,FALSE,TRUE,Go
github,quic-go,quic-go,TRUE,FALSE,Go
github,bluenviron,mediamtx,TRUE,FALSE,Go
github,navidrome,navidrome,TRUE,FALSE,Go
github,go-swagger,go-swagger,TRUE,TRUE,Go
github,TykTechnologies,tyk,FALSE,TRUE,Go
github,sjwhitworth,golearn,TRUE,FALSE,Go
github,go-resty,resty,TRUE,FALSE,Go
github,kubernetes,kompose,FALSE,TRUE,Go
github,fsnotify,fsnotify,TRUE,FALSE,Go
github,open-policy-agent,opa,TRUE,TRUE,Go
github,weaviate,weaviate,TRUE,FALSE,Go
github,keybase,client,TRUE,FALSE,Go
github,goplus,gop,TRUE,FALSE,Go
github,hybridgroup,gobot,TRUE,TRUE,Go
github,codenotary,immudb,TRUE,TRUE,Go
github,openshift,origin,FALSE,TRUE,Go
github,panjf2000,gnet,TRUE,FALSE,Go
github,crossplane,crossplane,TRUE,FALSE,Go
github,cloudflare,cfssl,TRUE,TRUE,Go
github,FerretDB,FerretDB,TRUE,TRUE,Go
github,distribution,distribution,TRUE,FALSE,Go
github,hibiken,asynq,TRUE,FALSE,Go
github,tektoncd,pipeline,TRUE,FALSE,Go
github,sourcegraph,conc,TRUE,FALSE,Go
github,ddosify,ddosify,TRUE,FALSE,Go
github,fission,fission,TRUE,FALSE,Go
github,gobuffalo,buffalo,TRUE,FALSE,Go
github,vmware-tanzu,velero,TRUE,FALSE,Go
github,bufbuild,buf,TRUE,FALSE,Go
github,MichaelMure,git-bug,TRUE,TRUE,Go
github,gorse-io,gorse,TRUE,FALSE,Go
github,smallnest,rpcx,FALSE,TRUE,Go
github,sashabaranov,go-openai,TRUE,FALSE,Go
github,drakkan,sftpgo,TRUE,FALSE,Go
github,miekg,dns,TRUE,FALSE,Go
github,uber,cadence,FALSE,TRUE,Go
github,roadrunner-server,roadrunner,TRUE,FALSE,Go
github,crowdsecurity,crowdsec,TRUE,TRUE,Go
github,moby,buildkit,TRUE,FALSE,Go
github,appleboy,gorush,TRUE,FALSE,Go
github,urfave,negroni,TRUE,FALSE,Go
github,lightningnetwork,lnd,FALSE,TRUE,Go
github,etcd-io,bbolt,TRUE,FALSE,Go
github,securego,gosec,TRUE,FALSE,Go
github,kubernetes-sigs,kubebuilder,FALSE,TRUE,Go
github,google,pprof,TRUE,FALSE,Go
github,berty,berty,TRUE,FALSE,Go
github,RichardKnop,machinery,TRUE,FALSE,Go
github,open-falcon,falcon-plus,TRUE,FALSE,Go
github,reviewdog,reviewdog,TRUE,FALSE,Go
github,gonum,gonum,TRUE,TRUE,Go
github,concourse,concourse,TRUE,TRUE,Go
github,kubernetes-sigs,external-dns,FALSE,TRUE,Go
github,allegro,bigcache,TRUE,TRUE,Go
github,runatlantis,atlantis,TRUE,FALSE,Go
github,Terry-Mao,goim,TRUE,FALSE,Go
github,charmbracelet,lipgloss,FALSE,TRUE,Go
github,ko-build,ko,TRUE,FALSE,Go
github,operator-framework,operator-sdk,FALSE,TRUE,Go
github,containers,buildah,TRUE,FALSE,Go
github,YaoApp,yao,TRUE,FALSE,Go
github,twitchtv,twirp,TRUE,FALSE,Go
github,go-xorm,xorm,TRUE,FALSE,Go
github,mvdan,sh,FALSE,TRUE,Go
github,docker,machine,FALSE,TRUE,Go
github,ThreeDotsLabs,watermill,TRUE,TRUE,Go
github,weaveworks,weave,FALSE,TRUE,Go
github,aquasecurity,kube-bench,TRUE,FALSE,Go
github,cloudwego,kitex,TRUE,FALSE,Go
github,metallb,metallb,TRUE,FALSE,Go
github,flike,kingshard,FALSE,TRUE,Go
github,gotenberg,gotenberg,TRUE,FALSE,Go
github,zitadel,zitadel,TRUE,FALSE,Go
github,kubeedge,kubeedge,TRUE,FALSE,Go
github,smartcontractkit,chainlink,TRUE,FALSE,Go
github,chaos-mesh,chaos-mesh,TRUE,FALSE,Go
github,muesli,beehive,FALSE,TRUE,Go
github,go-ego,riot,TRUE,FALSE,Go
github,bytedance,sonic,TRUE,FALSE,Go
github,pachyderm,pachyderm,TRUE,FALSE,Go
github,hybridgroup,gocv,TRUE,FALSE,Go
github,golang-jwt,jwt,FALSE,TRUE,Go
github,bfenetworks,bfe,TRUE,FALSE,Go
github,kubernetes-sigs,krew,TRUE,FALSE,Go
github,dragonflyoss,Dragonfly,TRUE,FALSE,Go
github,syndtr,goleveldb,FALSE,TRUE,Go
github,smallstep,certificates,TRUE,FALSE,Go
github,grpc-ecosystem,go-grpc-middleware,TRUE,FALSE,Go
github,pdfcpu,pdfcpu,FALSE,TRUE,Go
github,kubevela,kubevela,TRUE,FALSE,Go
github,asaskevich,govalidator,TRUE,TRUE,Go
github,yuin,gopher-lua,FALSE,TRUE,Go
github,kopia,kopia,TRUE,TRUE,Go
github,manifoldco,promptui,TRUE,FALSE,Go
github,davecgh,go-spew,FALSE,TRUE,Go
github,weaveworks,scope,FALSE,TRUE,Go
github,evrone,go-clean-template,TRUE,TRUE,Go
github,uber,kraken,TRUE,FALSE,Go
github,btcsuite,btcd,FALSE,TRUE,Go
github,cosmos,cosmos-sdk,TRUE,FALSE,Go
github,DATA-DOG,go-sqlmock,TRUE,FALSE,Go
github,tealeg,xlsx,TRUE,FALSE,Go
github,chaosblade-io,chaosblade,TRUE,FALSE,Go
github,boyter,scc,FALSE,TRUE,Go
github,google,osv-scanner,TRUE,FALSE,Go
github,easegress-io,easegress,TRUE,FALSE,Go
github,libp2p,go-libp2p,TRUE,TRUE,Go
github,tendermint,tendermint,TRUE,FALSE,Go
github,aws,karpenter-provider-aws,FALSE,TRUE,Go
github,MontFerret,ferret,TRUE,FALSE,Go
github,gopasspw,gopass,TRUE,FALSE,Go
github,cilium,ebpf,FALSE,TRUE,Go
github,googollee,go-socket.io,FALSE,TRUE,Go
github,vektra,mockery,TRUE,FALSE,Go
github,elastic,go-elasticsearch,TRUE,FALSE,Go
github,go-git,go-git,FALSE,TRUE,Go
github,projectcalico,calico,FALSE,TRUE,Go
github,knative,serving,TRUE,FALSE,Go
github,go-telegram-bot-api,telegram-bot-api,TRUE,FALSE,Go
github,gorgonia,gorgonia,TRUE,TRUE,Go
github,matrix-org,dendrite,TRUE,FALSE,Go
github,elves,elvish,TRUE,TRUE,Go
github,containernetworking,cni,FALSE,TRUE,Go
github,dgraph-io,ristretto,FALSE,TRUE,Go
github,gaia-pipeline,gaia,TRUE,FALSE,Go
github,uber,prototool,TRUE,FALSE,Go
github,google,syzkaller,TRUE,FALSE,Go
github,nats-io,nats.go,FALSE,TRUE,Go
github,disintegration,imaging,FALSE,TRUE,Go
github,uber-go,fx,TRUE,TRUE,Go
github,sql-machine-learning,sqlflow,TRUE,TRUE,Go
github,wallix,awless,FALSE,TRUE,Go
github,cri-o,cri-o,TRUE,FALSE,Go
github,emicklei,go-restful,TRUE,FALSE,Go
github,letsencrypt,boulder,FALSE,TRUE,Go
github,src-d,go-git,TRUE,FALSE,Go
github,kubevirt,kubevirt,FALSE,TRUE,Go
github,asticode,go-astilectron,FALSE,TRUE,Go
github,kyverno,kyverno,TRUE,FALSE,Go
github,lni,dragonboat,TRUE,FALSE,Go
github,travisjeffery,jocko,TRUE,FALSE,Go
github,ethereum-optimism,optimism,TRUE,FALSE,Go
github,satori,go.uuid,FALSE,TRUE,Go
github,siderolabs,talos,TRUE,FALSE,Go
github,ReactiveX,RxGo,FALSE,TRUE,Go
github,cweill,gotests,FALSE,TRUE,Go
github,achannarasappa,ticker,FALSE,TRUE,Go
github,TomWright,dasel,TRUE,FALSE,Go
github,go-co-op,gocron,TRUE,FALSE,Go
github,fluxcd,flagger,TRUE,FALSE,Go
github,apache,dubbo-go,TRUE,FALSE,Go
github,m3db,m3,TRUE,FALSE,Go
github,umputun,remark42,TRUE,TRUE,Go
github,AliyunContainerService,pouch,TRUE,FALSE,Go
github,open-telemetry,opentelemetry-go,TRUE,FALSE,Go
github,charmbracelet,soft-serve,TRUE,FALSE,Go
github,go-rod,rod,TRUE,FALSE,Go
github,k8sgpt-ai,k8sgpt,TRUE,FALSE,Go
github,foxcpp,maddy,TRUE,FALSE,Go
github,flyteorg,flyte,TRUE,FALSE,Go
github,cloudwego,hertz,TRUE,FALSE,Go
github,variadico,noti,TRUE,TRUE,Go
github,natefinch,lumberjack,FALSE,TRUE,Go
github,docker,cli,TRUE,FALSE,Go
github,jenkins-x,jx,TRUE,FALSE,Go
github,TwiN,gatus,TRUE,FALSE,Go
github,nginxinc,kubernetes-ingress,TRUE,FALSE,Go
github,ory,keto,FALSE,TRUE,Go
github,terraform-linters,tflint,TRUE,FALSE,Go
github,pterm,pterm,TRUE,FALSE,Go
github,ovh,cds,FALSE,TRUE,Go
github,tetratelabs,wazero,TRUE,FALSE,Go
github,golang-module,carbon,TRUE,FALSE,Go
github,tenable,terrascan,TRUE,FALSE,Go
github,charmbracelet,bubbles,FALSE,TRUE,Go
github,mosn,mosn,TRUE,FALSE,Go
github,douyu,jupiter,TRUE,FALSE,Go
github,gomods,athens,TRUE,FALSE,Go
github,gdamore,tcell,TRUE,FALSE,Go
github,openkruise,kruise,TRUE,FALSE,Go
github,kardianos,service,FALSE,TRUE,Go
github,rosedblabs,rosedb,TRUE,FALSE,Go
github,cubefs,cubefs,TRUE,FALSE,Go
github,caarlos0,env,TRUE,FALSE,Go
github,monitoror,monitoror,TRUE,FALSE,Go
github,uber-go,goleak,TRUE,FALSE,Go
github,arduino,arduino-cli,TRUE,FALSE,Go
github,unidoc,unioffice,TRUE,FALSE,Go
github,AnalogJ,scrutiny,TRUE,FALSE,Go
github,ktr0731,evans,TRUE,FALSE,Go
github,uber-go,ratelimit,TRUE,FALSE,Go
github,ledisdb,ledisdb,TRUE,FALSE,Go
github,prest,prest,TRUE,TRUE,Go
github,arp242,goatcounter,TRUE,FALSE,Go
github,oklog,ulid,FALSE,TRUE,Go
github,brianvoe,gofakeit,TRUE,FALSE,Go
github,ossf,scorecard,TRUE,FALSE,Go
github,treeverse,lakeFS,TRUE,FALSE,Go
github,dustin,go-humanize,FALSE,TRUE,Go
github,httprunner,httprunner,TRUE,FALSE,Go
github,Azure,draft-classic,TRUE,FALSE,Go
github,whalebrew,whalebrew,TRUE,FALSE,Go
github,sigstore,cosign,TRUE,FALSE,Go
github,karmada-io,karmada,TRUE,FALSE,Go
github,terraform-docs,terraform-docs,TRUE,FALSE,Go
github,imroc,req,TRUE,FALSE,Go
github,xtaci,kcp-go,TRUE,TRUE,Go
github,ory,dockertest,TRUE,TRUE,Go
github,rudderlabs,rudder-server,TRUE,FALSE,Go
github,fatih,structs,FALSE,TRUE,Go
github,zalando,postgres-operator,FALSE,TRUE,Go
github,genuinetools,img,TRUE,FALSE,Go
github,ionorg,ion,TRUE,FALSE,Go
github,Ullaakut,cameradar,FALSE,TRUE,Go
github,pomerium,pomerium,TRUE,TRUE,Go
github,nytimes,gizmo,FALSE,TRUE,Go
github,go-gorp,gorp,FALSE,TRUE,Go
github,open-telemetry,opentelemetry-collector,TRUE,FALSE,Go
github,emitter-io,emitter,FALSE,TRUE,Go
github,google,mtail,TRUE,TRUE,Go
github,evilmartians,lefthook,FALSE,TRUE,Go
github,kubernetes-sigs,aws-load-balancer-controller,TRUE,FALSE,Go
github,dunglas,mercure,FALSE,TRUE,Go
github,external-secrets,external-secrets,TRUE,FALSE,Go
github,olivia-ai,olivia,TRUE,FALSE,Go
github,sony,sonyflake,FALSE,TRUE,Go
github,uber-go,automaxprocs,TRUE,FALSE,Go
github,linkedin,Burrow,FALSE,TRUE,Go
github,volcano-sh,volcano,FALSE,TRUE,Go
github,nakabonne,ali,TRUE,FALSE,Go
github,uber-go,dig,TRUE,TRUE,Go
github,projectcontour,contour,TRUE,FALSE,Go
github,cheggaaa,pb,FALSE,TRUE,Go
github,tdewolff,minify,TRUE,TRUE,Go
github,duke-git,lancet,TRUE,FALSE,Go
github,aws,aws-lambda-go,TRUE,FALSE,Go
github,tucnak,telebot,TRUE,FALSE,Go
github,go-ozzo,ozzo-validation,FALSE,TRUE,Go
github,woodpecker-ci,woodpecker,TRUE,FALSE,Go
github,opentracing,opentracing-go,TRUE,FALSE,Go
github,maruel,panicparse,TRUE,TRUE,Go
github,goby-lang,goby,TRUE,FALSE,Go
github,go-macaron,macaron,TRUE,FALSE,Go
github,apache,shardingsphere-elasticjob,TRUE,TRUE,Java
github,apache,jmeter,TRUE,FALSE,Java
github,Tencent,Hippy,TRUE,TRUE,Java
github,testcontainers,testcontainers-java,FALSE,TRUE,Java
github,apache,beam,TRUE,TRUE,Java
github,StarRocks,starrocks,TRUE,FALSE,Java
github,google,agera,TRUE,FALSE,Java
github,opensearch-project,OpenSearch,TRUE,FALSE,Java
github,hs-web,hsweb-framework,TRUE,TRUE,Java
github,apache,shenyu,TRUE,FALSE,Java
github,checkstyle,checkstyle,TRUE,TRUE,Java
github,apache,shardingsphere-elasticjob,TRUE,TRUE,Java
github,apache,jmeter,TRUE,FALSE,Java
github,Tencent,Hippy,TRUE,TRUE,Java
github,testcontainers,testcontainers-java,FALSE,TRUE,Java
github,StarRocks,starrocks,TRUE,FALSE,Java
github,google,agera,TRUE,FALSE,Java
github,apache,beam,TRUE,TRUE,Java
github,StarRocks,starrocks,TRUE,FALSE,Java
github,google,agera,TRUE,FALSE,Java
github,alibaba,transmittable-thread-local,TRUE,TRUE,Java
github,alibaba,transmittable-thread-local,TRUE,TRUE,Java
github,NanoHttpd,nanohttpd,FALSE,TRUE,Java
github,mapstruct,mapstruct,TRUE,FALSE,Java
github,Alluxio,alluxio,TRUE,FALSE,Java
github,alibaba,jvm-sandbox,TRUE,FALSE,Java
github,knightliao,disconf,FALSE,TRUE,Java
github,vavr-io,vavr,TRUE,FALSE,Java
github,Col-E,Recaf,TRUE,FALSE,Java
github,kestra-io,kestra,TRUE,FALSE,Java
github,mybatis,generator,FALSE,TRUE,Java
github,lettuce-io,lettuce-core,TRUE,FALSE,Java
github,mybatis,generator,FALSE,TRUE,Java
github,lettuce-io,lettuce-core,TRUE,FALSE,Java
github,javaparser,javaparser,TRUE,TRUE,Java
github,lingochamp,okdownload,TRUE,FALSE,Java
github,Javen205,IJPay,TRUE,FALSE,Java
github,apache,groovy,TRUE,TRUE,Java
github,JanusGraph,janusgraph,TRUE,FALSE,Java
github,opengoofy,hippo4j,TRUE,FALSE,Java
github,apache,hudi,TRUE,FALSE,Java
github,OpenTSDB,opentsdb,FALSE,TRUE,Java
github,web3j,web3j,TRUE,FALSE,Java
github,sofastack,sofa-boot,TRUE,FALSE,Java
github,reactor,reactor-core,TRUE,FALSE,Java
github,orientechnologies,orientdb,TRUE,TRUE,Java
github,remkop,picocli,TRUE,FALSE,Java
github,pmd,pmd,FALSE,TRUE,Java
github,go-lang-plugin-org,go-lang-idea-plugin,FALSE,TRUE,Java
github,graphhopper,graphhopper,FALSE,TRUE,Java
github,alibaba,jetcache,FALSE,TRUE,Java
github,apache,hudi,TRUE,FALSE,Java
github,OpenTSDB,opentsdb,FALSE,TRUE,Java
github,web3j,web3j,TRUE,FALSE,Java
github,sofastack,sofa-boot,TRUE,FALSE,Java
github,JSQLParser,JSqlParser,FALSE,TRUE,Java
github,spring-cloud,spring-cloud-netflix,TRUE,FALSE,Java
github,natario1,CameraView,TRUE,FALSE,Java
github,bitcoinj,bitcoinj,FALSE,TRUE,Java
github,reactor,reactor-core,TRUE,FALSE,Java
github,orientechnologies,orientdb,TRUE,TRUE,Java
github,graphhopper,graphhopper,FALSE,TRUE,Java
github,alibaba,jetcache,FALSE,TRUE,Java
github,querydsl,querydsl,FALSE,TRUE,Java
github,mik3y,usb-serial-for-android,TRUE,FALSE,Java
github,DiUS,java-faker,FALSE,TRUE,Java
github,azkaban,azkaban,TRUE,TRUE,Java
github,oshi,oshi,TRUE,TRUE,Java
github,apache,iotdb,TRUE,TRUE,Java
github,oracle,opengrok,FALSE,TRUE,Java
github,dromara,hmily,TRUE,FALSE,Java
github,AlmasB,FXGL,TRUE,FALSE,Java
github,oblac,jodd,TRUE,FALSE,Java
github,ant-media,Ant-Media-Server,TRUE,FALSE,Java
github,ddd-by-examples,library,TRUE,FALSE,Java
github,mybatis,spring-boot-starter,FALSE,TRUE,Java
github,BoltsFramework,Bolts-Android,FALSE,TRUE,Java
github,mplushnikov,lombok-intellij-plugin,TRUE,FALSE,Java
github,Tencent,spring-cloud-tencent,TRUE,FALSE,Java
github,TNG,ArchUnit,FALSE,TRUE,Java
github,torakiki,pdfsam,FALSE,TRUE,Java
github,apache,dubbo-admin,TRUE,FALSE,Java
github,crate,crate,TRUE,TRUE,Java
github,pytorch,serve,TRUE,FALSE,Java
github,nextcloud,android,TRUE,FALSE,Java
github,Sayi,poi-tl,FALSE,TRUE,Java
github,sofastack,sofa-rpc,TRUE,FALSE,Java
github,googlemaps,android-maps-utils,TRUE,FALSE,Java
github,spockframework,spock,TRUE,FALSE,Java
github,uber,NullAway,TRUE,TRUE,Java
github,JCTools,JCTools,FALSE,TRUE,Java
github,FasterXML,jackson-databind,TRUE,FALSE,Java
github,jtablesaw,tablesaw,TRUE,FALSE,Java
github,spring-cloud,spring-cloud-kubernetes,TRUE,FALSE,Java
github,RoaringBitmap,RoaringBitmap,FALSE,TRUE,Java
github,lukas-krecan,ShedLock,TRUE,FALSE,Java
github,alibaba,fastjson2,TRUE,FALSE,Java
github,WritingMinds,ffmpeg-android-java,FALSE,TRUE,Java
github,spotbugs,spotbugs,FALSE,TRUE,Java
github,apache,logging-log4j2,FALSE,TRUE,Java
github,apache,linkis,TRUE,FALSE,Java
github,camunda,zeebe,TRUE,FALSE,Java
github,torakiki,pdfsam,FALSE,TRUE,Java
github,EngineHub,WorldEdit,TRUE,FALSE,Java
github,kermitt2,grobid,FALSE,TRUE,Java
github,kermitt2,grobid,FALSE,TRUE,Java
github,docker-java,docker-java,TRUE,FALSE,Java
github,addyosmani,critical,FALSE,TRUE,JavaScript
github,aui,art-template,FALSE,TRUE,JavaScript
github,senchalabs,connect,FALSE,TRUE,JavaScript
github,WordPress,gutenberg,TRUE,TRUE,JavaScript
github,sinonjs,sinon,TRUE,TRUE,JavaScript
github,uncss,uncss,FALSE,TRUE,JavaScript
github,cnodejs,nodeclub,TRUE,FALSE,JavaScript
github,c3js,c3,TRUE,FALSE,JavaScript
github,jprichardson,node-fs-extra,FALSE,TRUE,JavaScript
github,Laverna,laverna,FALSE,TRUE,JavaScript
github,didi,cube-ui,TRUE,FALSE,JavaScript
github,Rob--W,cors-anywhere,FALSE,TRUE,JavaScript
github,mediaelement,mediaelement,FALSE,TRUE,JavaScript
github,chaijs,chai,TRUE,TRUE,JavaScript
github,brave,browser-laptop,TRUE,FALSE,JavaScript
github,bpmn-io,bpmn-js,TRUE,FALSE,JavaScript
github,Mango,slideout,FALSE,TRUE,JavaScript
github,codecombat,codecombat,FALSE,TRUE,JavaScript
github,npm,cli,FALSE,TRUE,JavaScript
github,metalsmith,metalsmith,FALSE,TRUE,JavaScript
github,addyosmani,critical,FALSE,TRUE,JavaScript
github,aui,art-template,FALSE,TRUE,JavaScript
github,coryhouse,react-slingshot,FALSE,TRUE,JavaScript
github,senchalabs,connect,FALSE,TRUE,JavaScript
github,WordPress,gutenberg,TRUE,TRUE,JavaScript
github,metalsmith,metalsmith,FALSE,TRUE,JavaScript
github,yagop,node-telegram-bot-api,TRUE,TRUE,JavaScript
github,expressjs,morgan,FALSE,TRUE,JavaScript
github,Hacker0x01,react-datepicker,TRUE,FALSE,JavaScript
github,webpack,webpack-dev-server,TRUE,FALSE,JavaScript
github,visionmedia,page.js,FALSE,TRUE,JavaScript
github,fengyuanchen,viewerjs,TRUE,FALSE,JavaScript
github,conventional-changelog,standard-version,TRUE,TRUE,JavaScript
github,ipfs,js-ipfs,TRUE,TRUE,JavaScript
github,final-form,react-final-form,TRUE,FALSE,JavaScript
github,fluent-ffmpeg,node-fluent-ffmpeg,FALSE,TRUE,JavaScript
github,reactjs,react-modal,FALSE,TRUE,JavaScript
github,grommet,grommet,FALSE,TRUE,JavaScript
github,ljharb,qs,TRUE,FALSE,JavaScript
github,Rob--W,cors-anywhere,FALSE,TRUE,JavaScript
github,mediaelement,mediaelement,FALSE,TRUE,JavaScript
github,brave,browser-laptop,TRUE,FALSE,JavaScript
github,bpmn-io,bpmn-js,TRUE,FALSE,JavaScript
github,Mango,slideout,FALSE,TRUE,JavaScript
github,rebassjs,rebass,TRUE,FALSE,JavaScript
github,antonioru,beautiful-react-hooks,TRUE,TRUE,JavaScript
github,mgonto,restangular,FALSE,TRUE,JavaScript
github,codecombat,codecombat,FALSE,TRUE,JavaScript
github,shutterstock,rickshaw,FALSE,TRUE,JavaScript
github,redux-utilities,redux-actions,TRUE,FALSE,JavaScript
github,jaywcjlove,hotkeys-js,TRUE,FALSE,JavaScript
github,chancejs,chancejs,FALSE,TRUE,JavaScript
github,hagopj13,node-express-boilerplate,FALSE,TRUE,JavaScript
github,sindresorhus,execa,TRUE,TRUE,JavaScript
github,jely2002,youtube-dl-gui,TRUE,FALSE,JavaScript
github,json5,json5,FALSE,TRUE,JavaScript
github,webslides,WebSlides,TRUE,FALSE,JavaScript
github,expressjs,session,FALSE,TRUE,JavaScript
github,jaywcjlove,hotkeys-js,TRUE,FALSE,JavaScript
github,chancejs,chancejs,FALSE,TRUE,JavaScript
github,hagopj13,node-express-boilerplate,FALSE,TRUE,JavaScript
github,sindresorhus,execa,TRUE,TRUE,JavaScript
github,kentcdodds,cross-env,TRUE,FALSE,JavaScript
github,jely2002,youtube-dl-gui,TRUE,FALSE,JavaScript
github,json5,json5,FALSE,TRUE,JavaScript
github,webslides,WebSlides,TRUE,FALSE,JavaScript
github,expressjs,session,FALSE,TRUE,JavaScript
github,wilsonpage,fastdom,FALSE,TRUE,JavaScript
github,postmanlabs,newman,TRUE,FALSE,JavaScript
github,bda-research,node-crawler,FALSE,TRUE,JavaScript
github,shutterstock,rickshaw,FALSE,TRUE,JavaScript
github,davidjbradshaw,iframe-resizer,FALSE,TRUE,JavaScript
github,jaywcjlove,hotkeys-js,TRUE,FALSE,JavaScript
github,chancejs,chancejs,FALSE,TRUE,JavaScript
github,remarkjs,remark,TRUE,FALSE,JavaScript
github,sbstjn,timesheet.js,FALSE,TRUE,JavaScript
github,lukeed,clsx,TRUE,FALSE,JavaScript
github,aheckmann,gm,FALSE,TRUE,JavaScript
github,node-formidable,formidable,TRUE,FALSE,JavaScript
github,apollographql,react-apollo,FALSE,TRUE,JavaScript
github,AlaSQL,alasql,TRUE,FALSE,JavaScript
github,gitalk,gitalk,FALSE,TRUE,JavaScript
github,wilsonpage,fastdom,FALSE,TRUE,JavaScript
github,kbrsh,moon,TRUE,FALSE,JavaScript
github,axa-group,nlp.js,FALSE,TRUE,JavaScript
github,moleculerjs,moleculer,FALSE,TRUE,JavaScript
github,flot,flot,FALSE,TRUE,JavaScript
github,expressjs,cors,FALSE,TRUE,JavaScript
github,share,sharedb,FALSE,TRUE,JavaScript
github,ractivejs,ractive,FALSE,TRUE,JavaScript
github,oliviertassinari,react-swipeable-views,TRUE,FALSE,JavaScript
github,hoodiehq,hoodie,FALSE,TRUE,JavaScript
github,babel,minify,TRUE,FALSE,JavaScript
github,akxcv,vuera,FALSE,TRUE,JavaScript
github,testing-library,jest-dom,TRUE,FALSE,JavaScript
github,kevinzhow,PNChart,FALSE,TRUE,Objective-C
github,TTTAttributedLabel,TTTAttributedLabel,FALSE,TRUE,Objective-C
github,slackhq,SlackTextViewController,FALSE,TRUE,Objective-C
github,PureLayout,PureLayout,FALSE,TRUE,Objective-C
github,facebookarchive,KVOController,TRUE,FALSE,Objective-C
github,sparkle-project,Sparkle,FALSE,TRUE,Objective-C
github,IFTTT,JazzHands,FALSE,TRUE,Objective-C
github,Cocoanetics,DTCoreText,FALSE,TRUE,Objective-C
github,BoltsFramework,Bolts-ObjC,TRUE,TRUE,Objective-C
github,material-components,material-components-ios,TRUE,FALSE,Objective-C
github,ibireme,YYModel,TRUE,FALSE,Objective-C
github,google,santa,FALSE,TRUE,Objective-C
github,google,promises,FALSE,TRUE,Objective-C
github,SBJson,SBJson,TRUE,FALSE,Objective-C
github,button,DeepLinkKit,FALSE,TRUE,Objective-C
github,kishikawakatsumi,UICKeyChainStore,TRUE,TRUE,Objective-C
github,0xced,XCDYouTubeKit,TRUE,TRUE,Objective-C
github,parse-community,Parse-SDK-iOS-OSX,TRUE,FALSE,Objective-C
github,appsquickly,typhoon,TRUE,FALSE,Objective-C
github,intuit,LocationManager,FALSE,TRUE,Objective-C
github,ruslanskorb,RSKImageCropper,FALSE,TRUE,Objective-C
github,iziz,libPhoneNumber-iOS,FALSE,TRUE,Objective-C
github,specta,specta,FALSE,TRUE,Objective-C
github,spotify,HubFramework,TRUE,FALSE,Objective-C
github,IFTTT,FastttCamera,FALSE,TRUE,Objective-C
github,novastone-media,MQTT-Client-Framework,TRUE,FALSE,Objective-C
github,intentkit,IntentKit,FALSE,TRUE,Objective-C
github,IFTTT,jot,FALSE,TRUE,Objective-C
github,gskbyte,GSKStretchyHeaderView,FALSE,TRUE,Objective-C
github,openid,AppAuth-iOS,TRUE,FALSE,Objective-C
github,aws-amplify,aws-sdk-ios,TRUE,FALSE,Objective-C
github,couchbase,couchbase-lite-ios,FALSE,TRUE,Objective-C
github,jezzmemo,JJException,TRUE,FALSE,Objective-C
github,yahoo,AppDevKit,TRUE,FALSE,Objective-C
github,contentful-labs,Concorde,FALSE,TRUE,Objective-C
github,spotify,SPTPersistentCache,TRUE,FALSE,Objective-C
github,krzysztofzablocki,PropertyMapper,TRUE,FALSE,Objective-C
github,intuit,AnimationEngine,FALSE,TRUE,Objective-C
github,pytube,pytube,TRUE,FALSE,Python
github,caronc,apprise,TRUE,FALSE,Python
github,fail2ban,fail2ban,TRUE,TRUE,Python
github,Theano,Theano,FALSE,TRUE,Python
github,secdev,scapy,TRUE,FALSE,Python
github,giampaolo,psutil,FALSE,TRUE,Python
github,thumbor,thumbor,FALSE,TRUE,Python
github,pallets,jinja,TRUE,FALSE,Python
github,Sinaptik-AI,pandas-ai,TRUE,FALSE,Python
github,django-cms,django-cms,TRUE,FALSE,Python
github,dagster-io,dagster,TRUE,TRUE,Python
github,jiaaro,pydub,FALSE,TRUE,Python
github,pymc-devs,pymc,TRUE,FALSE,Python
github,akfamily,akshare,TRUE,FALSE,Python
github,spyder-ide,spyder,TRUE,TRUE,Python
github,cleanlab,cleanlab,TRUE,FALSE,Python
github,graphql-python,graphene,TRUE,TRUE,Python
github,kivy,python-for-android,FALSE,TRUE,Python
github,dylanaraps,pywal,TRUE,FALSE,Python
github,mopidy,mopidy,TRUE,TRUE,Python
github,crazyguitar,pysheeet,FALSE,TRUE,Python
github,wandb,wandb,TRUE,FALSE,Python
github,readthedocs,readthedocs.org,TRUE,FALSE,Python
github,the-paperless-project,paperless,FALSE,TRUE,Python
github,jazzband,django-debug-toolbar,TRUE,FALSE,Python
github,xonsh,xonsh,TRUE,FALSE,Python
github,lanpa,tensorboardX,TRUE,FALSE,Python
github,embedchain,embedchain,TRUE,FALSE,Python
github,yzhao062,pyod,FALSE,TRUE,Python
github,espnet,espnet,TRUE,FALSE,Python
github,conan-io,conan,TRUE,TRUE,Python
github,eternnoir,pyTelegramBotAPI,FALSE,TRUE,Python
github,reactive-python,reactpy,TRUE,FALSE,Python
github,donnemartin,gitsome,TRUE,FALSE,Python
github,PyMySQL,PyMySQL,TRUE,TRUE,Python
github,activeloopai,deeplake,TRUE,FALSE,Python
github,shmilylty,OneForAll,TRUE,FALSE,Python
github,pymc-devs,pymc,TRUE,FALSE,Python
github,voicepaw,so-vits-svc-fork,TRUE,FALSE,Python
github,akfamily,akshare,TRUE,FALSE,Python
github,spyder-ide,spyder,TRUE,TRUE,Python
github,cleanlab,cleanlab,TRUE,FALSE,Python
github,graphql-python,graphene,TRUE,TRUE,Python
github,google,trax,FALSE,TRUE,Python
github,kivy,python-for-android,FALSE,TRUE,Python
github,dylanaraps,pywal,TRUE,FALSE,Python
github,crazyguitar,pysheeet,FALSE,TRUE,Python
github,wandb,wandb,TRUE,FALSE,Python
github,the-paperless-project,paperless,FALSE,TRUE,Python
github,jazzband,django-debug-toolbar,TRUE,FALSE,Python
github,xonsh,xonsh,TRUE,FALSE,Python
github,automl,auto-sklearn,TRUE,TRUE,Python
github,bayesian-optimization,BayesianOptimization,TRUE,FALSE,Python
github,houtianze,bypy,FALSE,TRUE,Python
github,getmoto,moto,TRUE,FALSE,Python
github,shenweichen,DeepCTR,TRUE,TRUE,Python
github,lbryio,lbry-sdk,TRUE,TRUE,Python
github,sktime,sktime,TRUE,FALSE,Python
github,thu-ml,tianshou,TRUE,FALSE,Python
github,open-mmlab,mmsegmentation,TRUE,FALSE,Python
github,healthchecks,healthchecks,FALSE,TRUE,Python
github,facebookresearch,xformers,TRUE,FALSE,Python
github,unit8co,darts,TRUE,FALSE,Python
github,alteryx,featuretools,TRUE,FALSE,Python
github,xonsh,xonsh,TRUE,FALSE,Python
github,lanpa,tensorboardX,TRUE,FALSE,Python
github,embedchain,embedchain,TRUE,FALSE,Python
github,yzhao062,pyod,FALSE,TRUE,Python
github,espnet,espnet,TRUE,FALSE,Python
github,conan-io,conan,TRUE,TRUE,Python
github,cupy,cupy,TRUE,TRUE,Python
github,encode,uvicorn,TRUE,FALSE,Python
github,eternnoir,pyTelegramBotAPI,FALSE,TRUE,Python
github,jupyterhub,jupyterhub,TRUE,TRUE,Python
github,reactive-python,reactpy,TRUE,FALSE,Python
github,donnemartin,gitsome,TRUE,FALSE,Python
github,spesmilo,electrum,FALSE,TRUE,Python
github,openedx,edx-platform,TRUE,FALSE,Python
github,theskumar,python-dotenv,FALSE,TRUE,Python
github,amoffat,sh,FALSE,TRUE,Python
github,budtmo,docker-android,TRUE,FALSE,Python
github,hugapi,hug,FALSE,TRUE,Python
github,lmcinnes,umap,FALSE,TRUE,Python
github,flask-restful,flask-restful,FALSE,TRUE,Python
github,HIPS,autograd,FALSE,TRUE,Python
github,robinhood,faust,TRUE,FALSE,Python
github,pyeve,eve,TRUE,FALSE,Python
github,scikit-learn-contrib,imbalanced-learn,TRUE,TRUE,Python
github,PyGithub,PyGithub,TRUE,FALSE,Python
github,amoffat,sh,FALSE,TRUE,Python
github,budtmo,docker-android,TRUE,FALSE,Python
github,lmcinnes,umap,FALSE,TRUE,Python
github,flask-restful,flask-restful,FALSE,TRUE,Python
github,HIPS,autograd,FALSE,TRUE,Python
github,anishathalye,dotbot,TRUE,FALSE,Python
github,pyeve,eve,TRUE,FALSE,Python
github,scikit-learn-contrib,imbalanced-learn,TRUE,TRUE,Python
github,PyGithub,PyGithub,TRUE,FALSE,Python
github,pallets,werkzeug,TRUE,FALSE,Python
github,librosa,librosa,TRUE,TRUE,Python
github,neuml,txtai,FALSE,TRUE,Python
github,smacke,ffsubsync,TRUE,FALSE,Python
github,p-e-w,maybe,FALSE,TRUE,Python
github,django-extensions,django-extensions,FALSE,TRUE,Python
github,mwouts,jupytext,TRUE,FALSE,Python
github,kubernetes-client,python,TRUE,FALSE,Python
github,bee-san,pyWhat,TRUE,FALSE,Python
github,frappe,frappe,TRUE,TRUE,Python
github,pdm-project,pdm,TRUE,FALSE,Python
github,gevent,gevent,FALSE,TRUE,Python
github,thtrieu,darkflow,TRUE,FALSE,Python
github,NicolasHug,Surprise,FALSE,TRUE,Python
github,zilliztech,GPTCache,TRUE,FALSE,Python
github,pyca,cryptography,TRUE,TRUE,Python
github,pdm-project,pdm,TRUE,FALSE,Python
github,gevent,gevent,FALSE,TRUE,Python
github,thtrieu,darkflow,TRUE,FALSE,Python
github,NicolasHug,Surprise,FALSE,TRUE,Python
github,zilliztech,GPTCache,TRUE,FALSE,Python
github,pyca,cryptography,TRUE,TRUE,Python
github,liangliangyy,DjangoBlog,TRUE,TRUE,Python
github,deis,deis,FALSE,TRUE,Python
github,zalando,patroni,FALSE,TRUE,Python
github,nccgroup,ScoutSuite,TRUE,TRUE,Python
github,conda,conda,TRUE,TRUE,Python
github,sdispater,pendulum,TRUE,FALSE,Python
github,sphinx-doc,sphinx,TRUE,TRUE,Python
github,Shougo,deoplete.nvim,TRUE,FALSE,Python
github,davidhalter,jedi,TRUE,TRUE,Python
github,encode,apistar,TRUE,FALSE,Python
github,agronholm,apscheduler,FALSE,TRUE,Python
github,nteract,papermill,TRUE,FALSE,Python
github,vi3k6i5,flashtext,FALSE,TRUE,Python
github,hhyo,Archery,TRUE,FALSE,Python
github,open-mmlab,mmcv,TRUE,FALSE,Python
github,dpkp,kafka-python,FALSE,TRUE,Python
github,rmax,scrapy-redis,TRUE,FALSE,Python
github,rmax,scrapy-redis,TRUE,FALSE,Python
github,FederatedAI,FATE,TRUE,FALSE,Python
github,jonaswinkler,paperless-ng,FALSE,TRUE,Python
github,twisted,twisted,TRUE,TRUE,Python
github,oppia,oppia,TRUE,FALSE,Python
github,nonebot,nonebot2,TRUE,FALSE,Python
github,miguelgrinberg,Flask-SocketIO,TRUE,FALSE,Python
github,davidhalter,jedi-vim,TRUE,FALSE,Python
github,google,flax,TRUE,FALSE,Python
github,donnemartin,saws,TRUE,FALSE,Python
github,jsvine,pdfplumber,TRUE,FALSE,Python
github,kickstarter,ios-oss,TRUE,FALSE,Swift
github,toptal,gitignore.io,TRUE,FALSE,Swift
github,kishikawakatsumi,KeychainAccess,TRUE,TRUE,Swift
github,Kitura,Kitura,TRUE,FALSE,Swift
github,ReSwift,ReSwift,TRUE,FALSE,Swift
github,krzysztofzablocki,Sourcery,TRUE,FALSE,Swift
github,nicklockwood,SwiftFormat,TRUE,TRUE,Swift
github,huri000,SwiftEntryKit,TRUE,FALSE,Swift
github,andreamazz,AMScrollingNavbar,TRUE,FALSE,Swift
github,MessageKit,MessageKit,TRUE,FALSE,Swift
github,nalexn,clean-architecture-swiftui,TRUE,FALSE,Swift
github,ephread,Instructions,TRUE,FALSE,Swift
github,marmelroy,PhoneNumberKit,FALSE,TRUE,Swift
github,EFPrefix,EFQRCode,TRUE,FALSE,Swift
github,badoo,Chatto,TRUE,FALSE,Swift
github,SoySauceLab,CollectionKit,TRUE,FALSE,Swift
github,devicekit,DeviceKit,TRUE,FALSE,Swift
github,DeclarativeHub,Bond,TRUE,FALSE,Swift
github,alibaba,HandyJSON,TRUE,FALSE,Swift
github,devxoul,Then,TRUE,FALSE,Swift
github,Skyscanner,SkyFloatingLabelTextField,FALSE,TRUE,Swift
github,tuist,tuist,TRUE,FALSE,Swift
github,CocoaDebug,CocoaDebug,TRUE,FALSE,Swift
github,square,Valet,TRUE,FALSE,Swift
github,louisdh,panelkit,TRUE,FALSE,Swift
github,wordpress-mobile,WordPress-iOS,FALSE,TRUE,Swift
github,Rightpoint,BonMot,TRUE,FALSE,Swift
github,zenangst,Hue,TRUE,FALSE,Swift
github,willowtreeapps,spruce-ios,FALSE,TRUE,Swift
github,onevcat,FengNiao,TRUE,FALSE,Swift
github,wireapp,wire-ios_legacy,TRUE,FALSE,Swift
github,andreamazz,AMPopTip,TRUE,TRUE,Swift
github,devxoul,URLNavigator,TRUE,FALSE,Swift
github,xi-editor,xi-mac,TRUE,FALSE,Swift
github,Esqarrouth,EZSwiftExtensions,TRUE,FALSE,Swift
github,yannickl,DynamicColor,TRUE,FALSE,Swift
github,zhuhaow,NEKit,TRUE,FALSE,Swift
github,uias,Tabman,TRUE,FALSE,Swift
github,ReactorKit,ReactorKit,TRUE,FALSE,Swift
github,OpenCombine,OpenCombine,TRUE,FALSE,Swift
github,TokamakUI,Tokamak,TRUE,FALSE,Swift
github,yacir,CollectionViewSlantedLayout,TRUE,FALSE,Swift
github,layoutBox,PinLayout,TRUE,FALSE,Swift
github,RevenueCat,purchases-ios,TRUE,FALSE,Swift
github,stripe,stripe-ios,TRUE,FALSE,Swift
github,nalexn,ViewInspector,TRUE,FALSE,Swift
github,ishkawa,APIKit,TRUE,FALSE,Swift
github,SDWebImage,SDWebImageSwiftUI,TRUE,FALSE,Swift
github,tuist,XcodeProj,TRUE,FALSE,Swift
github,uias,Pageboy,TRUE,FALSE,Swift
github,layoutBox,FlexLayout,TRUE,FALSE,Swift
github,Zewo,Zewo,TRUE,FALSE,Swift
github,luoxiu,Schedule,TRUE,FALSE,Swift
github,onevcat,Rainbow,TRUE,FALSE,Swift
github,nextcloud,ios,TRUE,FALSE,Swift
github,square,Cleanse,FALSE,TRUE,Swift
github,fdzsergio,SFFocusViewLayout,TRUE,FALSE,Swift
github,element-hq,element-ios,TRUE,FALSE,Swift
github,CombineCommunity,CombineExt,TRUE,FALSE,Swift
github,eddiekaiger,SwiftyAttributes,TRUE,FALSE,Swift
github,StanfordBDHG,HealthGPT,TRUE,FALSE,Swift
github,home-assistant,Iconic,TRUE,FALSE,Swift
github,CombineCommunity,CombineCocoa,TRUE,FALSE,Swift
github,Zewo,Venice,TRUE,FALSE,Swift
github,SwiftValidatorCommunity,SwiftValidator,TRUE,FALSE,Swift
github,material-motion,material-motion-swift,TRUE,FALSE,Swift
github,GEOSwift,GEOSwift,TRUE,TRUE,Swift
github,Kitura,BlueSocket,TRUE,FALSE,Swift
github,Polidea,RxBluetoothKit,FALSE,TRUE,Swift
github,home-assistant,iOS,TRUE,FALSE,Swift
github,drmohundro,SWXMLHash,TRUE,TRUE,Swift
github,Nirma,UIFontComplete,TRUE,FALSE,Swift
github,BoltsFramework,Bolts-Swift,TRUE,FALSE,Swift
github,attaswift,BTree,TRUE,FALSE,Swift
github,Jiar,SegementSlide,TRUE,FALSE,Swift
github,vapor,fluent,TRUE,FALSE,Swift
github,mozilla-mobile,focus-ios,TRUE,FALSE,Swift
github,PiXeL16,RevealingSplashView,TRUE,FALSE,Swift
github,yeahdongcn,UIColor-Hex-Swift,TRUE,FALSE,Swift
github,DeclarativeHub,ReactiveKit,TRUE,FALSE,Swift
github,marcosgriselli,Sizes,TRUE,FALSE,Swift
github,adamcichy,SwiftySound,TRUE,FALSE,Swift
github,nsomar,Swiftline,TRUE,FALSE,Swift
github,rajdeep,proton,TRUE,FALSE,Swift
github,yannickl,DynamicButton,TRUE,FALSE,Swift
github,nsomar,Guaka,TRUE,FALSE,Swift
github,fermoya,SwiftUIPager,TRUE,FALSE,Swift
github,onevcat,Hedwig,TRUE,FALSE,Swift
github,devxoul,SwiftyImage,TRUE,FALSE,Swift
github,yannickl,Splitflap,TRUE,FALSE,Swift
github,Unleash,unleash,FALSE,TRUE,TypeScript
github,mongodb,node-mongodb-native,FALSE,TRUE,TypeScript
github,keplergl,kepler.gl,FALSE,TRUE,TypeScript
github,boardgameio,boardgame.io,FALSE,TRUE,TypeScript
github,sindresorhus,pageres,TRUE,TRUE,TypeScript
github,captbaritone,webamp,TRUE,FALSE,TypeScript
github,aws-amplify,amplify-js,TRUE,FALSE,TypeScript
github,daybrush,moveable,FALSE,TRUE,TypeScript
github,misskey-dev,misskey,TRUE,FALSE,TypeScript
github,agenda,agenda,TRUE,TRUE,TypeScript
github,raineorshine,npm-check-updates,FALSE,TRUE,TypeScript
github,oclif,oclif,TRUE,FALSE,TypeScript
github,NG-ZORRO,ng-zorro-antd,TRUE,TRUE,TypeScript
github,yiminghe,async-validator,FALSE,TRUE,TypeScript
github,probot,probot,TRUE,FALSE,TypeScript
github,Turfjs,turf,FALSE,TRUE,TypeScript
github,webdriverio,webdriverio,TRUE,TRUE,TypeScript
github,pkgxdev,pkgx,FALSE,TRUE,TypeScript
github,openreplay,openreplay,TRUE,FALSE,TypeScript
github,rematch,rematch,FALSE,TRUE,TypeScript
github,urql-graphql,urql,TRUE,FALSE,TypeScript
github,isaacs,node-glob,FALSE,TRUE,TypeScript
github,mqttjs,MQTT.js,TRUE,FALSE,TypeScript
github,ng-bootstrap,ng-bootstrap,TRUE,FALSE,TypeScript
github,kelektiv,node-cron,TRUE,FALSE,TypeScript
github,react-cosmos,react-cosmos,TRUE,TRUE,TypeScript
github,rsuite,rsuite,TRUE,TRUE,TypeScript
github,akveo,nebular,TRUE,FALSE,TypeScript
github,DylanVann,react-native-fast-image,TRUE,FALSE,TypeScript
github,katspaugh,wavesurfer.js,FALSE,TRUE,TypeScript
github,bitwarden,clients,TRUE,FALSE,TypeScript
github,pillarjs,path-to-regexp,TRUE,TRUE,TypeScript
github,sahat,satellizer,FALSE,TRUE,TypeScript
github,ngrx,platform,FALSE,TRUE,TypeScript
github,SoftwareBrothers,adminjs,TRUE,FALSE,TypeScript
github,DouyinFE,semi-design,TRUE,FALSE,TypeScript
github,changesets,changesets,TRUE,FALSE,TypeScript
github,FullHuman,purgecss,FALSE,TRUE,TypeScript
github,getsentry,sentry-javascript,TRUE,FALSE,TypeScript
github,ariakit,ariakit,TRUE,FALSE,TypeScript
github,visgl,react-map-gl,FALSE,TRUE,TypeScript
github,conventional-changelog,conventional-changelog,TRUE,TRUE,TypeScript
github,microsoft,azuredatastudio,FALSE,TRUE,TypeScript
github,nhost,nhost,TRUE,FALSE,TypeScript
github,electron,fiddle,FALSE,TRUE,TypeScript
github,deepstreamIO,deepstream.io,FALSE,TRUE,TypeScript
github,udecode,plate,TRUE,FALSE,TypeScript
github,midwayjs,midway,TRUE,FALSE,TypeScript
github,shikijs,shiki,TRUE,FALSE,TypeScript
github,mikro-orm,mikro-orm,TRUE,TRUE,TypeScript
github,jquery,esprima,TRUE,TRUE,TypeScript
github,logto-io,logto,TRUE,FALSE,TypeScript
github,mobxjs,mobx-state-tree,FALSE,TRUE,TypeScript
github,kulshekhar,ts-jest,FALSE,TRUE,TypeScript
github,open-cli-tools,concurrently,FALSE,TRUE,TypeScript
github,taniarascia,takenote,FALSE,TRUE,TypeScript
github,NomicFoundation,hardhat,TRUE,FALSE,TypeScript
github,highlight,highlight,TRUE,FALSE,TypeScript
github,penrose,penrose,TRUE,FALSE,TypeScript
github,windicss,windicss,TRUE,FALSE,TypeScript
github,adazzle,react-data-grid,TRUE,TRUE,TypeScript
github,baconjs,bacon.js,FALSE,TRUE,TypeScript
github,typestack,class-transformer,TRUE,FALSE,TypeScript
github,graphql,express-graphql,TRUE,TRUE,TypeScript
github,gilbarbara,react-joyride,FALSE,TRUE,TypeScript
github,runtipi,runtipi,TRUE,FALSE,TypeScript
github,reactchartjs,react-chartjs-2,TRUE,FALSE,TypeScript
github,bvaughn,react-error-boundary,TRUE,FALSE,TypeScript
github,dinerojs,dinero.js,FALSE,TRUE,TypeScript
github,nteract,nteract,TRUE,TRUE,TypeScript
github,electron,forge,TRUE,FALSE,TypeScript
github,express-validator,express-validator,FALSE,TRUE,TypeScript
github,Choices-js,Choices,TRUE,FALSE,TypeScript
github,ixartz,Next-js-Boilerplate,TRUE,FALSE,TypeScript
github,molefrog,wouter,TRUE,FALSE,TypeScript
github,gridstack,gridstack.js,FALSE,TRUE,TypeScript
github,vuejs,vetur,TRUE,FALSE,TypeScript
github,naver,billboard.js,FALSE,TRUE,TypeScript
github,serialport,node-serialport,TRUE,FALSE,TypeScript
github,webclipper,web-clipper,TRUE,FALSE,TypeScript
github,gpbl,react-day-picker,TRUE,TRUE,TypeScript
github,Shopify,polaris,TRUE,FALSE,TypeScript
github,alangpierce,sucrase,TRUE,FALSE,TypeScript
github,valor-software,ngx-bootstrap,TRUE,FALSE,TypeScript
github,realm,realm-js,TRUE,TRUE,TypeScript
github,maplibre,maplibre-gl-js,TRUE,FALSE,TypeScript
github,isaacs,rimraf,FALSE,TRUE,TypeScript
github,apertureless,vue-chartjs,TRUE,FALSE,TypeScript
github,bitcoinjs,bitcoinjs-lib,FALSE,TRUE,TypeScript
github,rancher-sandbox,rancher-desktop,TRUE,FALSE,TypeScript
github,wevm,wagmi,TRUE,FALSE,TypeScript
github,nativescript-vue,nativescript-vue,TRUE,FALSE,TypeScript
github,unjs,consola,TRUE,FALSE,TypeScript
github,antvis,X6,TRUE,TRUE,TypeScript
github,elastic,elasticsearch-js,TRUE,FALSE,TypeScript
github,testing-library,react-hooks-testing-library,TRUE,FALSE,TypeScript
github,kolodny,immutability-helper,FALSE,TRUE,TypeScript
github,danger,danger-js,TRUE,FALSE,TypeScript
github,cypress-io,cypress-realworld-app,TRUE,TRUE,TypeScript
github,hustcc,timeago.js,FALSE,TRUE,TypeScript
github,jlfwong,speedscope,FALSE,TRUE,TypeScript
github,isaacs,node-lru-cache,FALSE,TRUE,TypeScript
github,surmon-china,videojs-player,TRUE,FALSE,TypeScript
github,brick-design,brick-design,TRUE,FALSE,TypeScript
github,oakserver,oak,TRUE,FALSE,TypeScript
github,bubkoo,html-to-image,TRUE,TRUE,TypeScript
github,cucumber,cucumber-js,FALSE,TRUE,TypeScript
github,taskforcesh,bullmq,FALSE,TRUE,TypeScript
github,remaxjs,remax,TRUE,FALSE,TypeScript
github,photoview,photoview,TRUE,FALSE,TypeScript
github,hedgedoc,hedgedoc,TRUE,FALSE,TypeScript
github,panva,jose,TRUE,FALSE,TypeScript
github,ng-alain,ng-alain,TRUE,FALSE,TypeScript
github,Uniswap,interface,TRUE,FALSE,TypeScript
github,unform,unform,FALSE,TRUE,TypeScript
github,loiane,javascript-datastructures-algorithms,TRUE,FALSE,TypeScript
github,dsherret,ts-morph,FALSE,TRUE,TypeScript
github,man-group,dtale,TRUE,FALSE,TypeScript
github,elbywan,wretch,FALSE,TRUE,TypeScript
github,fontsource,fontsource,TRUE,FALSE,TypeScript
github,vega,vega-lite,TRUE,TRUE,TypeScript
github,hustcc,echarts-for-react,FALSE,TRUE,TypeScript
github,typestack,routing-controllers,TRUE,FALSE,TypeScript
github,peaceiris,actions-gh-pages,TRUE,FALSE,TypeScript
github,glacambre,firenvim,TRUE,FALSE,TypeScript
github,gajus,slonik,FALSE,TRUE,TypeScript
github,google,clasp,FALSE,TRUE,TypeScript
github,grpc,grpc-node,FALSE,TRUE,TypeScript
github,fb55,htmlparser2,FALSE,TRUE,TypeScript
github,drwpow,openapi-typescript,TRUE,FALSE,TypeScript
github,gitify-app,gitify,TRUE,TRUE,TypeScript
github,microsoft,VoTT,TRUE,FALSE,TypeScript
github,niieani,hashids.js,FALSE,TRUE,TypeScript
github,Yoctol,bottender,TRUE,FALSE,TypeScript
github,geist-org,geist-ui,TRUE,FALSE,TypeScript
github,lingui,js-lingui,TRUE,FALSE,TypeScript
github,web-infra-dev,modern.js,TRUE,FALSE,TypeScript
github,JamesIves,github-pages-deploy-action,TRUE,FALSE,TypeScript
github,unjs,nitro,TRUE,FALSE,TypeScript
github,theintern,intern,TRUE,FALSE,TypeScript
github,serverless-nextjs,serverless-next.js,TRUE,TRUE,TypeScript
github,soketi,soketi,TRUE,FALSE,TypeScript
github,alexjoverm,typescript-library-starter,FALSE,TRUE,TypeScript
github,hustcc,echarts-for-react,FALSE,TRUE,TypeScript
github,typestack,routing-controllers,TRUE,FALSE,TypeScript
github,peaceiris,actions-gh-pages,TRUE,FALSE,TypeScript
github,glacambre,firenvim,TRUE,FALSE,TypeScript
github,gajus,slonik,FALSE,TRUE,TypeScript
github,google,clasp,FALSE,TRUE,TypeScript
github,vscode-icons,vscode-icons,TRUE,FALSE,TypeScript
github,grpc,grpc-node,FALSE,TRUE,TypeScript
github,fb55,htmlparser2,FALSE,TRUE,TypeScript
github,drwpow,openapi-typescript,TRUE,FALSE,TypeScript
github,gitify-app,gitify,TRUE,TRUE,TypeScript
github,microsoft,VoTT,TRUE,FALSE,TypeScript
github,niieani,hashids.js,FALSE,TRUE,TypeScript
github,Yoctol,bottender,TRUE,FALSE,TypeScript
github,geist-org,geist-ui,TRUE,FALSE,TypeScript
github,lingui,js-lingui,TRUE,FALSE,TypeScript
github,web-infra-dev,modern.js,TRUE,FALSE,TypeScript
github,dubzzz,fast-check,TRUE,TRUE,TypeScript
github,JamesIves,github-pages-deploy-action,TRUE,FALSE,TypeScript
github,nefe,number-precision,TRUE,TRUE,TypeScript
github,aholachek,react-flip-toolkit,TRUE,FALSE,TypeScript
github,compodoc,compodoc,TRUE,FALSE,TypeScript
github,alexjlockwood,ShapeShifter,TRUE,TRUE,TypeScript
github,diegohaz,constate,TRUE,FALSE,TypeScript
github,firebase,firebase-tools,TRUE,TRUE,TypeScript
github,ant-design,pro-components,TRUE,FALSE,TypeScript
