github,oozcitak,xmlbuilder-js,False,True,CoffeeScript
github,buttercoin,buttercoin,False,True,CoffeeScript
github,snd,url-pattern,True,False,CoffeeScript
github,mojotech,pioneer,False,True,CoffeeScript
github,slara,generator-reveal,False,True,CoffeeScript
github,trello,scientist,False,True,CoffeeScript
github,STRd6,jadelet,False,True,CoffeeScript
github,icambron,twix.js,False,True,CoffeeScript
github,t3chnoboy,amazon-product-api,False,True,CoffeeScript
github,anvilresearch,connect,False,True,CoffeeScript
github,cybertk,abao,False,True,CoffeeScript
github,flosse,scaleApp,False,True,CoffeeScript
github,atom,settings-view,False,True,CoffeeScript
github,bumped,bumped,False,True,CoffeeScript
github,just-fine,fine.sh-cli,False,True,CoffeeScript
github,clonn,slack-node-sdk,False,True,CoffeeScript
github,michaelficarra,commonjs-everywhere,False,True,CoffeeScript
github,geejs,gulp-tap,False,True,CoffeeScript
github,carrot,ship,False,True,CoffeeScript
github,jescalan,accord,False,True,CoffeeScript
github,homebrewing,brauhausjs,False,True,CoffeeScript
github,stevetarver,excel-as-json,True,True,CoffeeScript
github,mpneuried,rsmq-worker,False,True,CoffeeScript
github,koding,kd,False,True,CoffeeScript
github,russellmcc,node-osc-min,False,True,CoffeeScript
github,omsmith,ims-lti,False,True,CoffeeScript
github,janraasch,tab-ahead,False,True,CoffeeScript
github,mycolorway,simple-uploader,False,True,CoffeeScript
github,carrot,roots-contentful,False,True,CoffeeScript
github,ujiro99,RedmineTimeTracker,False,True,CoffeeScript
github,polvo,polvo,False,True,CoffeeScript
github,abe33,spectacular,False,True,CoffeeScript
github,pstaender,mongraph,False,True,CoffeeScript
github,akiomik,hubot-chatwork,False,True,CoffeeScript
github,google,quiver-dart,False,True,Dart
github,jogboms,flutter_offline,True,False,Dart
github,pedromassango,bottom_navy_bar,True,False,Dart
github,thielepaul,photoprism-mobile,True,False,Dart
github,pinchbv,floor,True,False,Dart
github,felangel,equatable,True,False,Dart
github,dart-code-checker,dart-code-metrics,True,True,Dart
github,dart-lang,shelf,True,True,Dart
github,GetStream,stream-chat-flutter,True,False,Dart
github,jesusrp98,spacex-go,True,False,Dart
github,dooboolab-community,flutter_calendar_carousel,True,False,Dart
github,schultek,jaspr,True,False,Dart
github,aissat,easy_localization,False,True,Dart
github,rydmike,flex_color_scheme,True,False,Dart
github,MMMzq,bot_toast,True,False,Dart
github,brianegan,scoped_model,True,False,Dart
github,AbdulRahmanAlHamali,flutter_typeahead,False,True,Dart
github,tekartik,sembast.dart,True,False,Dart
github,hacktons,convex_bottom_bar,False,True,Dart
github,Baseflow,flutter_cache_manager,True,False,Dart
github,leancodepl,patrol,True,False,Dart
github,rafaelsetragni,awesome_notifications,True,False,Dart
github,getsentry,sentry-dart,True,False,Dart
github,lejard-h,chopper,True,True,Dart
github,realm,realm-dart,False,True,Dart
github,ABausG,home_widget,True,False,Dart
github,aagarwal1012,IntroViews-Flutter,True,False,Dart
github,RxReader,wechat_kit,True,False,Dart
github,widgetbook,widgetbook,True,False,Dart
github,xsahil03x,giffy_dialog,True,False,Dart
github,openfoodfacts,smooth-app,True,False,Dart
github,dart-lang,linter,False,True,Dart
github,rvamsikrishna,inview_notifier_list,False,True,Dart
github,bosskmk,pluto_grid,True,False,Dart
github,rrousselGit,functional_widget,True,False,Dart
github,slovnicki,beamer,True,False,Dart
github,dart-lang,samples,False,True,Dart
github,EdsonBueno,infinite_scroll_pagination,True,False,Dart
github,parse-community,Parse-SDK-Flutter,True,False,Dart
github,daohoangson,flutter_widget_from_html,True,False,Dart
github,dooboolab-community,flutter_inapp_purchase,True,False,Dart
github,canonical,ubuntu-desktop-installer,True,False,Dart
github,GoogleCloudPlatform,functions-framework-dart,False,True,Dart
github,vedartm,rick-and-morty-info,True,False,Dart
github,shamblett,mqtt_client,True,False,Dart
github,CoderJava,Flutter-News-App,True,False,Dart
github,fluttercommunity,redux.dart,True,False,Dart
github,codegrue,card_settings,False,True,Dart
github,fzyzcjy,flutter_portal,True,False,Dart
github,jama5262,jiffy,True,False,Dart
github,best-flutter,transformer_page_view,False,True,Dart
github,larryaasen,upgrader,True,False,Dart
github,GIfatahTH,states_rebuilder,True,False,Dart
github,jogboms,time.dart,True,False,Dart
github,ubuntu,app-center,True,False,Dart
github,matthiasn,lotti,True,False,Dart
github,passsy,kt.dart,True,False,Dart
github,zeshuaro,appainter,True,False,Dart
github,dart-lang,dartdoc,False,True,Dart
github,Kaiteki-Fedi,Kaiteki,True,False,Dart
github,csells,go_router,True,False,Dart
github,TerminalStudio,xterm.dart,True,False,Dart
github,simolus3,web3dart,True,False,Dart
github,petitparser,dart-petitparser,True,True,Dart
github,joanpablo,reactive_forms,True,False,Dart
github,dart-lang,markdown,False,True,Dart
github,Workiva,over_react,True,False,Dart
github,wger-project,flutter,False,True,Dart
github,sterrenburg,flutterhole,False,True,Dart
github,furkantektas,timeline_list,True,False,Dart
github,flutterchina,cookie_jar,True,False,Dart
github,boyan01,overlay_support,True,False,Dart
github,salvadordeveloper,flutter-crypto-app,True,False,Dart
github,BirjuVachhani,adaptive_theme,True,False,Dart
github,arafaysaleem,ez_tickets_app,True,False,Dart
github,flutterdata,flutter_data,True,False,Dart
github,MisterJimson,flutter_keyboard_visibility,True,False,Dart
github,dart-lang,ffigen,False,True,Dart
github,xsahil03x,fancy_on_boarding,True,False,Dart
github,MSzalek-Mobile,weight_tracker,False,True,Dart
github,mjansen4857,pathplanner,True,False,Dart
github,jonreid,OCMockito,False,True,Objective-C
github,nicklockwood,GZIP,True,True,Objective-C
github,kishikawakatsumi,SECoreTextView,False,True,Objective-C
github,Tangdixi,DCPathButton,True,False,Objective-C
